token_type,token_address,receiver,amount,id
erc20,0xDA187eB6F4D7eE3a0b8f5cd81eED8d347f5693aD,0xbba953fd09825a7a3e611ce36903c1e94d7c8b46,10000000,vebao-0xbba953fd09825a7a3e611ce36903c1e94d7c8b46
erc20,0xDA187eB6F4D7eE3a0b8f5cd81eED8d347f5693aD,0xc16414ac1fedfdac4f8a09674d994e1bbb9d7113,4403464,vebao-0xc16414ac1fedfdac4f8a09674d994e1bbb9d7113
erc20,0xDA187eB6F4D7eE3a0b8f5cd81eED8d347f5693aD,0xd1ae4d9205f07333916f628850fc79f1366dc2f8,4381645,vebao-0xd1ae4d9205f07333916f628850fc79f1366dc2f8
erc20,0xDA187eB6F4D7eE3a0b8f5cd81eED8d347f5693aD,0x4bb7fba588b4254536de4316e8fb346bbe275ecb,3482685,vebao-0x4bb7fba588b4254536de4316e8fb346bbe275ecb
erc20,0xDA187eB6F4D7eE3a0b8f5cd81eED8d347f5693aD,0x6e50791a8fb507c9daf34c302532c782d171ed98,2852030,vebao-0x6e50791a8fb507c9daf34c302532c782d171ed98
erc20,0xDA187eB6F4D7eE3a0b8f5cd81eED8d347f5693aD,0x2c06d15cba87c71c206c64b8f11926ba3f476af7,2012648,vebao-0x2c06d15cba87c71c206c64b8f11926ba3f476af7
erc20,0xDA187eB6F4D7eE3a0b8f5cd81eED8d347f5693aD,0x2ccb1cb25695af8f4ff38352c2696a0af8297d01,1936777,vebao-0x2ccb1cb25695af8f4ff38352c2696a0af8297d01
erc20,0xDA187eB6F4D7eE3a0b8f5cd81eED8d347f5693aD,0x343537cb9417f8953101c48daba965a99d09a39e,1934250,vebao-0x343537cb9417f8953101c48daba965a99d09a39e
erc20,0xDA187eB6F4D7eE3a0b8f5cd81eED8d347f5693aD,0x8d03c7c829719c6210144658fd9b565226c4a287,1615650,vebao-0x8d03c7c829719c6210144658fd9b565226c4a287
erc20,0xDA187eB6F4D7eE3a0b8f5cd81eED8d347f5693aD,0x7bb430a12acc8c6070fc1a79cb2052ba4a89f5d3,1614800,vebao-0x7bb430a12acc8c6070fc1a79cb2052ba4a89f5d3
erc20,0xDA187eB6F4D7eE3a0b8f5cd81eED8d347f5693aD,0x0d66abb57fc0fda1cc0646b72490958496edae06,1249863,vebao-0x0d66abb57fc0fda1cc0646b72490958496edae06
erc20,0xDA187eB6F4D7eE3a0b8f5cd81eED8d347f5693aD,0x40e7573575ed2eb406c94add635659309dc50065,1137439,vebao-0x40e7573575ed2eb406c94add635659309dc50065
erc20,0xDA187eB6F4D7eE3a0b8f5cd81eED8d347f5693aD,0x35827ce7ba928d517a9e4025600f60e1238163d7,1046207,vebao-0x35827ce7ba928d517a9e4025600f60e1238163d7
erc20,0xDA187eB6F4D7eE3a0b8f5cd81eED8d347f5693aD,0xb9ab9578a34a05c86124c399735fde44dec80e7f,927642,vebao-0xb9ab9578a34a05c86124c399735fde44dec80e7f
erc20,0xDA187eB6F4D7eE3a0b8f5cd81eED8d347f5693aD,0x3e04f61a589210dbdfcdaa77ede41bac9af137bd,909409,vebao-0x3e04f61a589210dbdfcdaa77ede41bac9af137bd
erc20,0xDA187eB6F4D7eE3a0b8f5cd81eED8d347f5693aD,0x5de79e0c5632056b9fb19a740ce0f3ef03adeeb3,447177,vebao-0x5de79e0c5632056b9fb19a740ce0f3ef03adeeb3
erc20,0xDA187eB6F4D7eE3a0b8f5cd81eED8d347f5693aD,0xc88c7806ea31a88f31d094243b48670b58c2cf42,357075,vebao-0xc88c7806ea31a88f31d094243b48670b58c2cf42
erc20,0xDA187eB6F4D7eE3a0b8f5cd81eED8d347f5693aD,0xcc1e0a566dbd10869c071c811aba436357858f05,314441,vebao-0xcc1e0a566dbd10869c071c811aba436357858f05
erc20,0xDA187eB6F4D7eE3a0b8f5cd81eED8d347f5693aD,0xcda3099ecd354f6603dce7db6988dd18a9a17887,314359,vebao-0xcda3099ecd354f6603dce7db6988dd18a9a17887
erc20,0xDA187eB6F4D7eE3a0b8f5cd81eED8d347f5693aD,0x2f5e08ef5a99a98336519e54f58d503f550bd9ac,273747,vebao-0x2f5e08ef5a99a98336519e54f58d503f550bd9ac
erc20,0xDA187eB6F4D7eE3a0b8f5cd81eED8d347f5693aD,0x76a8d26b61495a4a8f60e08be83912194a820a5c,266115,vebao-0x76a8d26b61495a4a8f60e08be83912194a820a5c
erc20,0xDA187eB6F4D7eE3a0b8f5cd81eED8d347f5693aD,0x60ff4545c6e674fd182990f7a66143002fa3a03c,239628,vebao-0x60ff4545c6e674fd182990f7a66143002fa3a03c
erc20,0xDA187eB6F4D7eE3a0b8f5cd81eED8d347f5693aD,0xea8f946166fd935d1a8a0ffb77b1ff810d6025d6,224910,vebao-0xea8f946166fd935d1a8a0ffb77b1ff810d6025d6
erc20,0xDA187eB6F4D7eE3a0b8f5cd81eED8d347f5693aD,0xab89b23a599ceb927c4e72f5e45b5a2e17d07657,221846,vebao-0xab89b23a599ceb927c4e72f5e45b5a2e17d07657
erc20,0xDA187eB6F4D7eE3a0b8f5cd81eED8d347f5693aD,0xcba1a275e2d858ecffaf7a87f606f74b719a8a93,216395,vebao-0xcba1a275e2d858ecffaf7a87f606f74b719a8a93
erc20,0xDA187eB6F4D7eE3a0b8f5cd81eED8d347f5693aD,0x8f6485f44c56e9a8f496e1589d27bc8256233e0d,210496,vebao-0x8f6485f44c56e9a8f496e1589d27bc8256233e0d
erc20,0xDA187eB6F4D7eE3a0b8f5cd81eED8d347f5693aD,0xc0e5e14bdecd9ed6954a9e14c74e97cebd91bb94,207948,vebao-0xc0e5e14bdecd9ed6954a9e14c74e97cebd91bb94
erc20,0xDA187eB6F4D7eE3a0b8f5cd81eED8d347f5693aD,0xb81d7892fa8605a55885592e5c78a294754d272a,195110,vebao-0xb81d7892fa8605a55885592e5c78a294754d272a
erc20,0xDA187eB6F4D7eE3a0b8f5cd81eED8d347f5693aD,0x32a59b87352e980dd6ab1baf462696d28e63525d,171847,vebao-0x32a59b87352e980dd6ab1baf462696d28e63525d
erc20,0xDA187eB6F4D7eE3a0b8f5cd81eED8d347f5693aD,0xbd9e322303fa0ee764d8efb497ca4b81589a281a,170080,vebao-0xbd9e322303fa0ee764d8efb497ca4b81589a281a
erc20,0xDA187eB6F4D7eE3a0b8f5cd81eED8d347f5693aD,0x99d3e7b633cf4a8c9654e4a9c71d79f2723bc8bb,166397,vebao-0x99d3e7b633cf4a8c9654e4a9c71d79f2723bc8bb
erc20,0xDA187eB6F4D7eE3a0b8f5cd81eED8d347f5693aD,0x192e29c7e4333f98373cd3e3679625cf8fe654bb,165826,vebao-0x192e29c7e4333f98373cd3e3679625cf8fe654bb
erc20,0xDA187eB6F4D7eE3a0b8f5cd81eED8d347f5693aD,0xc240df49a7550c781ed935bc5898448aedaa33dc,160483,vebao-0xc240df49a7550c781ed935bc5898448aedaa33dc
erc20,0xDA187eB6F4D7eE3a0b8f5cd81eED8d347f5693aD,0x98e917437041f213472c02835cddc39356086618,156674,vebao-0x98e917437041f213472c02835cddc39356086618
erc20,0xDA187eB6F4D7eE3a0b8f5cd81eED8d347f5693aD,0x0c4085d8e714ca77ac5f46cd2b80a92d238a7cd3,143432,vebao-0x0c4085d8e714ca77ac5f46cd2b80a92d238a7cd3
erc20,0xDA187eB6F4D7eE3a0b8f5cd81eED8d347f5693aD,0xffc3bc63ecf6d2b868adef1d9da7b7980352d987,126432,vebao-0xffc3bc63ecf6d2b868adef1d9da7b7980352d987
erc20,0xDA187eB6F4D7eE3a0b8f5cd81eED8d347f5693aD,0xe81003515b5c537cd4ee57a41dbecf01ff429135,125381,vebao-0xe81003515b5c537cd4ee57a41dbecf01ff429135
erc20,0xDA187eB6F4D7eE3a0b8f5cd81eED8d347f5693aD,0xee517179cef2e52af9d52667c7c9a43a5093f775,125134,vebao-0xee517179cef2e52af9d52667c7c9a43a5093f775
erc20,0xDA187eB6F4D7eE3a0b8f5cd81eED8d347f5693aD,0x518832e61536567c07a5e8cb0cdcc1e922290172,122253,vebao-0x518832e61536567c07a5e8cb0cdcc1e922290172
erc20,0xDA187eB6F4D7eE3a0b8f5cd81eED8d347f5693aD,0x1f130db404cf640848a83b5d5022fbbb7501a5ab,118573,vebao-0x1f130db404cf640848a83b5d5022fbbb7501a5ab
erc20,0xDA187eB6F4D7eE3a0b8f5cd81eED8d347f5693aD,0x787a7da17544bcc3a0febcd2c24c831ea55ae83f,109503,vebao-0x787a7da17544bcc3a0febcd2c24c831ea55ae83f
erc20,0xDA187eB6F4D7eE3a0b8f5cd81eED8d347f5693aD,0x2c86d7a672d3298a3f89116dd73757d969c71956,109301,vebao-0x2c86d7a672d3298a3f89116dd73757d969c71956
erc20,0xDA187eB6F4D7eE3a0b8f5cd81eED8d347f5693aD,0xc52fd3cd06d41020f91c31f84519247d06ac8598,108003,vebao-0xc52fd3cd06d41020f91c31f84519247d06ac8598
erc20,0xDA187eB6F4D7eE3a0b8f5cd81eED8d347f5693aD,0x955c8206361f77b78a4a74555761da1fd770e801,107938,vebao-0x955c8206361f77b78a4a74555761da1fd770e801
erc20,0xDA187eB6F4D7eE3a0b8f5cd81eED8d347f5693aD,0x80350a8fbcd9b95c5efab7da4286f125ced0167e,107931,vebao-0x80350a8fbcd9b95c5efab7da4286f125ced0167e
erc20,0xDA187eB6F4D7eE3a0b8f5cd81eED8d347f5693aD,0x9c4d592042f959254485d443bbc337d29572264f,99076,vebao-0x9c4d592042f959254485d443bbc337d29572264f
erc20,0xDA187eB6F4D7eE3a0b8f5cd81eED8d347f5693aD,0x4d0e439ba905eb39aee88097433add619cf5257b,98991,vebao-0x4d0e439ba905eb39aee88097433add619cf5257b
erc20,0xDA187eB6F4D7eE3a0b8f5cd81eED8d347f5693aD,0x95e96aa5309af444a643ff732043bc95398010b6,98400,vebao-0x95e96aa5309af444a643ff732043bc95398010b6
erc20,0xDA187eB6F4D7eE3a0b8f5cd81eED8d347f5693aD,0x274aafe0b41adb1f4cf9e644de779c7fcaf8de83,97945,vebao-0x274aafe0b41adb1f4cf9e644de779c7fcaf8de83
erc20,0xDA187eB6F4D7eE3a0b8f5cd81eED8d347f5693aD,0x4253cb6fbf9cb7cd6cf58ff9ed7fc3bdbd8312fe,92284,vebao-0x4253cb6fbf9cb7cd6cf58ff9ed7fc3bdbd8312fe
erc20,0xDA187eB6F4D7eE3a0b8f5cd81eED8d347f5693aD,0x538ded4d0d461206ae8e0c021d5179d3a31d2b12,84166,vebao-0x538ded4d0d461206ae8e0c021d5179d3a31d2b12
erc20,0xDA187eB6F4D7eE3a0b8f5cd81eED8d347f5693aD,0x69e0e2b3d523d3b247d798a49c3fa022a46dd6bd,79964,vebao-0x69e0e2b3d523d3b247d798a49c3fa022a46dd6bd
erc20,0xDA187eB6F4D7eE3a0b8f5cd81eED8d347f5693aD,0x9cdf0dd92f48dcc771bc88344b3ae1a4ebfd5a75,79009,vebao-0x9cdf0dd92f48dcc771bc88344b3ae1a4ebfd5a75
erc20,0xDA187eB6F4D7eE3a0b8f5cd81eED8d347f5693aD,0xb85083177705ebb1a9d5719f51abc4dde8526137,75921,vebao-0xb85083177705ebb1a9d5719f51abc4dde8526137
erc20,0xDA187eB6F4D7eE3a0b8f5cd81eED8d347f5693aD,0x4abf2d9b5c48d740ba439ab6329699888f182b71,69700,vebao-0x4abf2d9b5c48d740ba439ab6329699888f182b71
erc20,0xDA187eB6F4D7eE3a0b8f5cd81eED8d347f5693aD,0x7e788c62c9ca849dce399e90f912beae14424616,68791,vebao-0x7e788c62c9ca849dce399e90f912beae14424616
erc20,0xDA187eB6F4D7eE3a0b8f5cd81eED8d347f5693aD,0xc68953261c95aa19e853d1fd14aa8c8778b50bb9,67165,vebao-0xc68953261c95aa19e853d1fd14aa8c8778b50bb9
erc20,0xDA187eB6F4D7eE3a0b8f5cd81eED8d347f5693aD,0x45a36603571cc734e045c41b31e56cac51b44284,65994,vebao-0x45a36603571cc734e045c41b31e56cac51b44284
erc20,0xDA187eB6F4D7eE3a0b8f5cd81eED8d347f5693aD,0xa01ad5f0b5c521266d1dd3f926da92f2cd9661e2,64762,vebao-0xa01ad5f0b5c521266d1dd3f926da92f2cd9661e2
erc20,0xDA187eB6F4D7eE3a0b8f5cd81eED8d347f5693aD,0x82e8936b187d83fd6eb2b7dab5b19556e9deff1c,63069,vebao-0x82e8936b187d83fd6eb2b7dab5b19556e9deff1c
erc20,0xDA187eB6F4D7eE3a0b8f5cd81eED8d347f5693aD,0xebf87396267a4829b3a1a3edb400246a9be07723,61402,vebao-0xebf87396267a4829b3a1a3edb400246a9be07723
erc20,0xDA187eB6F4D7eE3a0b8f5cd81eED8d347f5693aD,0xed3824bc9609f8bdb4a548d3c5b1145f4d61b535,60708,vebao-0xed3824bc9609f8bdb4a548d3c5b1145f4d61b535
erc20,0xDA187eB6F4D7eE3a0b8f5cd81eED8d347f5693aD,0xecbbc2e7ce3967b1b3ac8fc00a3985fc727a6b6d,60708,vebao-0xecbbc2e7ce3967b1b3ac8fc00a3985fc727a6b6d
erc20,0xDA187eB6F4D7eE3a0b8f5cd81eED8d347f5693aD,0xe14d3a13830963702fccfc96a1fe4194c8bfbc12,60708,vebao-0xe14d3a13830963702fccfc96a1fe4194c8bfbc12
erc20,0xDA187eB6F4D7eE3a0b8f5cd81eED8d347f5693aD,0xc08df41fca7e094285b9a76a1a1c6bc62ef52e96,60708,vebao-0xc08df41fca7e094285b9a76a1a1c6bc62ef52e96
erc20,0xDA187eB6F4D7eE3a0b8f5cd81eED8d347f5693aD,0xaea5365f5a2b5c5a63f6ff1ce14c4c370391fea0,60708,vebao-0xaea5365f5a2b5c5a63f6ff1ce14c4c370391fea0
erc20,0xDA187eB6F4D7eE3a0b8f5cd81eED8d347f5693aD,0xab0cade843b0e9172e281519d6634fbba883f066,60708,vebao-0xab0cade843b0e9172e281519d6634fbba883f066
erc20,0xDA187eB6F4D7eE3a0b8f5cd81eED8d347f5693aD,0x93157e52bcb2bf420a34e0e665b004c260688148,60708,vebao-0x93157e52bcb2bf420a34e0e665b004c260688148
erc20,0xDA187eB6F4D7eE3a0b8f5cd81eED8d347f5693aD,0x56887fb677ff722297b32180f8c305918be47f1e,60708,vebao-0x56887fb677ff722297b32180f8c305918be47f1e
erc20,0xDA187eB6F4D7eE3a0b8f5cd81eED8d347f5693aD,0x4103d089d9c21eab84718569440819625cde6b34,60708,vebao-0x4103d089d9c21eab84718569440819625cde6b34
erc20,0xDA187eB6F4D7eE3a0b8f5cd81eED8d347f5693aD,0x16999559145868be9c969a665ff04686d60170ac,60708,vebao-0x16999559145868be9c969a665ff04686d60170ac
erc20,0xDA187eB6F4D7eE3a0b8f5cd81eED8d347f5693aD,0x8b9704a65f25e8c555ab2a9cdcf4b04941dcc423,58363,vebao-0x8b9704a65f25e8c555ab2a9cdcf4b04941dcc423
erc20,0xDA187eB6F4D7eE3a0b8f5cd81eED8d347f5693aD,0x1b43bcaf30a19d3c619e8aff02fe134f66aadc8b,56628,vebao-0x1b43bcaf30a19d3c619e8aff02fe134f66aadc8b
erc20,0xDA187eB6F4D7eE3a0b8f5cd81eED8d347f5693aD,0x53de09a5097b3853d45f03849dd67a2ea8671ff6,55907,vebao-0x53de09a5097b3853d45f03849dd67a2ea8671ff6
erc20,0xDA187eB6F4D7eE3a0b8f5cd81eED8d347f5693aD,0x97e931494a837ecde1d2f152fcef1c2f5e093356,54017,vebao-0x97e931494a837ecde1d2f152fcef1c2f5e093356
erc20,0xDA187eB6F4D7eE3a0b8f5cd81eED8d347f5693aD,0x7ca2b8b8a6c81cbd6d69267bc7854273d048294d,53890,vebao-0x7ca2b8b8a6c81cbd6d69267bc7854273d048294d
erc20,0xDA187eB6F4D7eE3a0b8f5cd81eED8d347f5693aD,0xd9d927f3d13da36eb3b34fa644f2c81a85ab9a86,50781,vebao-0xd9d927f3d13da36eb3b34fa644f2c81a85ab9a86
erc20,0xDA187eB6F4D7eE3a0b8f5cd81eED8d347f5693aD,0x9c7efb0bcc09283861cd06ea5cfd1618989a4cfa,49066,vebao-0x9c7efb0bcc09283861cd06ea5cfd1618989a4cfa
erc20,0xDA187eB6F4D7eE3a0b8f5cd81eED8d347f5693aD,0x67a970a687d38d7f290093f759aed111ce0f0e20,48231,vebao-0x67a970a687d38d7f290093f759aed111ce0f0e20
erc20,0xDA187eB6F4D7eE3a0b8f5cd81eED8d347f5693aD,0x9c365473138bc59bf3df1ff3e49d015a6d39e58c,47886,vebao-0x9c365473138bc59bf3df1ff3e49d015a6d39e58c
erc20,0xDA187eB6F4D7eE3a0b8f5cd81eED8d347f5693aD,0x930ad86e4f3e79c101cc71b03145e376e5bb618f,47400,vebao-0x930ad86e4f3e79c101cc71b03145e376e5bb618f
erc20,0xDA187eB6F4D7eE3a0b8f5cd81eED8d347f5693aD,0xc814d2ef6d893568c74cd969eb6f72a62fc261f7,45531,vebao-0xc814d2ef6d893568c74cd969eb6f72a62fc261f7
erc20,0xDA187eB6F4D7eE3a0b8f5cd81eED8d347f5693aD,0xb946cc36e1785546e2c87bfc956134cfb988343f,44610,vebao-0xb946cc36e1785546e2c87bfc956134cfb988343f
erc20,0xDA187eB6F4D7eE3a0b8f5cd81eED8d347f5693aD,0x28e440b61c1afb745724ded7758c298cd9cba8be,42500,vebao-0x28e440b61c1afb745724ded7758c298cd9cba8be
erc20,0xDA187eB6F4D7eE3a0b8f5cd81eED8d347f5693aD,0x8338fc271b409904dfa9260b8ec224d4c5da62eb,42399,vebao-0x8338fc271b409904dfa9260b8ec224d4c5da62eb
erc20,0xDA187eB6F4D7eE3a0b8f5cd81eED8d347f5693aD,0x9dfe1a419cf2dfdf8cb48998a8984c014d9192ff,42057,vebao-0x9dfe1a419cf2dfdf8cb48998a8984c014d9192ff
erc20,0xDA187eB6F4D7eE3a0b8f5cd81eED8d347f5693aD,0xc32cda7871b667ccc2a3cc678219b72796e98b11,41860,vebao-0xc32cda7871b667ccc2a3cc678219b72796e98b11
erc20,0xDA187eB6F4D7eE3a0b8f5cd81eED8d347f5693aD,0x31a4e449238547158a55558024e08234e574cc35,40468,vebao-0x31a4e449238547158a55558024e08234e574cc35
erc20,0xDA187eB6F4D7eE3a0b8f5cd81eED8d347f5693aD,0x681f35f297751eadee27bbc5b6da0f830c029d29,36991,vebao-0x681f35f297751eadee27bbc5b6da0f830c029d29
erc20,0xDA187eB6F4D7eE3a0b8f5cd81eED8d347f5693aD,0xc982dec7ef824b42b11f5e59d3cd7c5ed9b5937b,35348,vebao-0xc982dec7ef824b42b11f5e59d3cd7c5ed9b5937b
erc20,0xDA187eB6F4D7eE3a0b8f5cd81eED8d347f5693aD,0x9b2ad4394da65f6bf889cd198fabfbfc6cc3af6a,35333,vebao-0x9b2ad4394da65f6bf889cd198fabfbfc6cc3af6a
erc20,0xDA187eB6F4D7eE3a0b8f5cd81eED8d347f5693aD,0xcc03c12c10bdaf82319ed62efa9dc3d6ed7a5865,32700,vebao-0xcc03c12c10bdaf82319ed62efa9dc3d6ed7a5865
erc20,0xDA187eB6F4D7eE3a0b8f5cd81eED8d347f5693aD,0x81e6782f72dac4cc5f6035484ddf67746ceb0be9,32607,vebao-0x81e6782f72dac4cc5f6035484ddf67746ceb0be9
erc20,0xDA187eB6F4D7eE3a0b8f5cd81eED8d347f5693aD,0x63bb46461696416fac820bf871375274d97b128e,30046,vebao-0x63bb46461696416fac820bf871375274d97b128e
erc20,0xDA187eB6F4D7eE3a0b8f5cd81eED8d347f5693aD,0x90b6e4b72b9994237192843e26108639a57895d9,29382,vebao-0x90b6e4b72b9994237192843e26108639a57895d9
erc20,0xDA187eB6F4D7eE3a0b8f5cd81eED8d347f5693aD,0xdcc8d7846f4f957cc58b357994f916d12c7cca95,28039,vebao-0xdcc8d7846f4f957cc58b357994f916d12c7cca95
erc20,0xDA187eB6F4D7eE3a0b8f5cd81eED8d347f5693aD,0xc9a6d3768f4d3a209fbc3e93808d106c34a05041,27683,vebao-0xc9a6d3768f4d3a209fbc3e93808d106c34a05041
erc20,0xDA187eB6F4D7eE3a0b8f5cd81eED8d347f5693aD,0x68dd8f58152482a063ea23e34408ab91940dbb92,27533,vebao-0x68dd8f58152482a063ea23e34408ab91940dbb92
erc20,0xDA187eB6F4D7eE3a0b8f5cd81eED8d347f5693aD,0x67f5ff6d613d6bf0296d45206ce0753bb2232ee4,27026,vebao-0x67f5ff6d613d6bf0296d45206ce0753bb2232ee4
erc20,0xDA187eB6F4D7eE3a0b8f5cd81eED8d347f5693aD,0x2316a9ba091517f1ad99f8d5a215b1986770153f,26979,vebao-0x2316a9ba091517f1ad99f8d5a215b1986770153f
erc20,0xDA187eB6F4D7eE3a0b8f5cd81eED8d347f5693aD,0x1f660f4c9e0c833520eefe7e207249b3fa7db92f,24850,vebao-0x1f660f4c9e0c833520eefe7e207249b3fa7db92f
erc20,0xDA187eB6F4D7eE3a0b8f5cd81eED8d347f5693aD,0xdc7f3c5fc1ce22e8d8f2c35029055bcc06ea1dfc,24443,vebao-0xdc7f3c5fc1ce22e8d8f2c35029055bcc06ea1dfc
erc20,0xDA187eB6F4D7eE3a0b8f5cd81eED8d347f5693aD,0x8f3ddf567bff663d61a12a5d5f42f2e6f220f89c,24167,vebao-0x8f3ddf567bff663d61a12a5d5f42f2e6f220f89c
erc20,0xDA187eB6F4D7eE3a0b8f5cd81eED8d347f5693aD,0x878c433a5e0bf6e9b11a13a448e19956605fa516,24109,vebao-0x878c433a5e0bf6e9b11a13a448e19956605fa516
erc20,0xDA187eB6F4D7eE3a0b8f5cd81eED8d347f5693aD,0xc301cd9448dc174a6c348f0f45eff27f523e5c43,23865,vebao-0xc301cd9448dc174a6c348f0f45eff27f523e5c43
erc20,0xDA187eB6F4D7eE3a0b8f5cd81eED8d347f5693aD,0x45fd07c63e5c316540f14b2002b085aee78e3881,23821,vebao-0x45fd07c63e5c316540f14b2002b085aee78e3881
erc20,0xDA187eB6F4D7eE3a0b8f5cd81eED8d347f5693aD,0xac0630d602f71f77a60aededd4e1b86b1dce741f,23555,vebao-0xac0630d602f71f77a60aededd4e1b86b1dce741f
erc20,0xDA187eB6F4D7eE3a0b8f5cd81eED8d347f5693aD,0x8088d813d11347447e7229ca42d3570799c12def,22053,vebao-0x8088d813d11347447e7229ca42d3570799c12def
erc20,0xDA187eB6F4D7eE3a0b8f5cd81eED8d347f5693aD,0xc86df18dd09e0c756a4729af8ded63bec651a6c9,21558,vebao-0xc86df18dd09e0c756a4729af8ded63bec651a6c9
erc20,0xDA187eB6F4D7eE3a0b8f5cd81eED8d347f5693aD,0x96bff4e808bfbdb6b4381460bee90d67cc33bdbe,20663,vebao-0x96bff4e808bfbdb6b4381460bee90d67cc33bdbe
erc20,0xDA187eB6F4D7eE3a0b8f5cd81eED8d347f5693aD,0x5ef16d26dfe3e31711d5091e27d0c8150f03daa8,20575,vebao-0x5ef16d26dfe3e31711d5091e27d0c8150f03daa8
erc20,0xDA187eB6F4D7eE3a0b8f5cd81eED8d347f5693aD,0xf56036f6a5d9b9991c209dcbc9c40b2c1cd46540,19996,vebao-0xf56036f6a5d9b9991c209dcbc9c40b2c1cd46540
erc20,0xDA187eB6F4D7eE3a0b8f5cd81eED8d347f5693aD,0x8b9d5fe18ece390166e7ae5e664df031dd85b685,19060,vebao-0x8b9d5fe18ece390166e7ae5e664df031dd85b685
erc20,0xDA187eB6F4D7eE3a0b8f5cd81eED8d347f5693aD,0xb9893dee837b4ffdce39522dc06069a94d30889e,18821,vebao-0xb9893dee837b4ffdce39522dc06069a94d30889e
erc20,0xDA187eB6F4D7eE3a0b8f5cd81eED8d347f5693aD,0x81b7bab05fbd8a51dc831a5e442db0a0c40360bf,17888,vebao-0x81b7bab05fbd8a51dc831a5e442db0a0c40360bf
erc20,0xDA187eB6F4D7eE3a0b8f5cd81eED8d347f5693aD,0x22cab0b36cc4ec24bfd5732d07828b45e7547f9e,17644,vebao-0x22cab0b36cc4ec24bfd5732d07828b45e7547f9e
erc20,0xDA187eB6F4D7eE3a0b8f5cd81eED8d347f5693aD,0xe809968423551135675f38ca77d9595c5d225918,17459,vebao-0xe809968423551135675f38ca77d9595c5d225918
erc20,0xDA187eB6F4D7eE3a0b8f5cd81eED8d347f5693aD,0x2d59e650a72e3a707cdf4eb74b5b9988586b2d3f,16372,vebao-0x2d59e650a72e3a707cdf4eb74b5b9988586b2d3f
erc20,0xDA187eB6F4D7eE3a0b8f5cd81eED8d347f5693aD,0x0d51d069ecf91b13db666708f3e1610af79b9eed,16345,vebao-0x0d51d069ecf91b13db666708f3e1610af79b9eed
erc20,0xDA187eB6F4D7eE3a0b8f5cd81eED8d347f5693aD,0xbf1801e681f13a697630a364396fa8eb4b1987dd,16167,vebao-0xbf1801e681f13a697630a364396fa8eb4b1987dd
erc20,0xDA187eB6F4D7eE3a0b8f5cd81eED8d347f5693aD,0xa792fefe0e59fa17cb181bbcbcd6f159af3dd18b,16037,vebao-0xa792fefe0e59fa17cb181bbcbcd6f159af3dd18b
erc20,0xDA187eB6F4D7eE3a0b8f5cd81eED8d347f5693aD,0xf3c75fa889fd17c0e4b48ab212815046080ed3ea,15561,vebao-0xf3c75fa889fd17c0e4b48ab212815046080ed3ea
erc20,0xDA187eB6F4D7eE3a0b8f5cd81eED8d347f5693aD,0xfc9d0e662510f57583ffe2e9c8ed24cd420fc629,15516,vebao-0xfc9d0e662510f57583ffe2e9c8ed24cd420fc629
erc20,0xDA187eB6F4D7eE3a0b8f5cd81eED8d347f5693aD,0xe72eb31b59f85b19499a0f3b3260011894fa0d65,15394,vebao-0xe72eb31b59f85b19499a0f3b3260011894fa0d65
erc20,0xDA187eB6F4D7eE3a0b8f5cd81eED8d347f5693aD,0xa52093dc50f2596abadb56dc643630e61944aba9,15310,vebao-0xa52093dc50f2596abadb56dc643630e61944aba9
erc20,0xDA187eB6F4D7eE3a0b8f5cd81eED8d347f5693aD,0x7374bb48a5fdc16c9b216f3fcc60b105c73d1806,14557,vebao-0x7374bb48a5fdc16c9b216f3fcc60b105c73d1806
erc20,0xDA187eB6F4D7eE3a0b8f5cd81eED8d347f5693aD,0x9e38d938e909e15c155e35fc2dbb9008a1d019af,14185,vebao-0x9e38d938e909e15c155e35fc2dbb9008a1d019af
erc20,0xDA187eB6F4D7eE3a0b8f5cd81eED8d347f5693aD,0x738060850dd1ee73639bb2c116307ad439727c15,14174,vebao-0x738060850dd1ee73639bb2c116307ad439727c15
erc20,0xDA187eB6F4D7eE3a0b8f5cd81eED8d347f5693aD,0x866dd3c217ef41945bab3cafa30746267727adfe,14048,vebao-0x866dd3c217ef41945bab3cafa30746267727adfe
erc20,0xDA187eB6F4D7eE3a0b8f5cd81eED8d347f5693aD,0x09f5644c9fd0a758104b0a43b1ec4cbbecd9e6b8,13870,vebao-0x09f5644c9fd0a758104b0a43b1ec4cbbecd9e6b8
erc20,0xDA187eB6F4D7eE3a0b8f5cd81eED8d347f5693aD,0x7a2269e15d34fc2a69e4c598a7dc51733ae93638,13573,vebao-0x7a2269e15d34fc2a69e4c598a7dc51733ae93638
erc20,0xDA187eB6F4D7eE3a0b8f5cd81eED8d347f5693aD,0x0c7fccb3a6ac6e0d3764fa7d40b8be79ce04a012,13523,vebao-0x0c7fccb3a6ac6e0d3764fa7d40b8be79ce04a012
erc20,0xDA187eB6F4D7eE3a0b8f5cd81eED8d347f5693aD,0x39de56518e136d472ef9645e7d6e1f7c6c8ed37b,13464,vebao-0x39de56518e136d472ef9645e7d6e1f7c6c8ed37b
erc20,0xDA187eB6F4D7eE3a0b8f5cd81eED8d347f5693aD,0xbcb5365ee5018dfe341929b400d7dbfd452d8fd9,13178,vebao-0xbcb5365ee5018dfe341929b400d7dbfd452d8fd9
erc20,0xDA187eB6F4D7eE3a0b8f5cd81eED8d347f5693aD,0xf3d9281fa183b74f32b96e1c5244596045f4ede8,13165,vebao-0xf3d9281fa183b74f32b96e1c5244596045f4ede8
erc20,0xDA187eB6F4D7eE3a0b8f5cd81eED8d347f5693aD,0x3811eb9e4e525765aaab95a8fb3c04061ece3321,13045,vebao-0x3811eb9e4e525765aaab95a8fb3c04061ece3321
erc20,0xDA187eB6F4D7eE3a0b8f5cd81eED8d347f5693aD,0x0c71096791ef27e817931e904d467f5f36f83e0a,12852,vebao-0x0c71096791ef27e817931e904d467f5f36f83e0a
erc20,0xDA187eB6F4D7eE3a0b8f5cd81eED8d347f5693aD,0x2f92dd1c3c25dd02eba81b9ac1d3c46400f2230f,12544,vebao-0x2f92dd1c3c25dd02eba81b9ac1d3c46400f2230f
erc20,0xDA187eB6F4D7eE3a0b8f5cd81eED8d347f5693aD,0x685b5623db05e2298ad745124e425e5c8c687edb,12478,vebao-0x685b5623db05e2298ad745124e425e5c8c687edb
erc20,0xDA187eB6F4D7eE3a0b8f5cd81eED8d347f5693aD,0xfa09412c84283782c73b17b526c9640aa87cd989,12361,vebao-0xfa09412c84283782c73b17b526c9640aa87cd989
erc20,0xDA187eB6F4D7eE3a0b8f5cd81eED8d347f5693aD,0x2013851f87248cb9ed1130b42dd160cb94f7adc8,12240,vebao-0x2013851f87248cb9ed1130b42dd160cb94f7adc8
erc20,0xDA187eB6F4D7eE3a0b8f5cd81eED8d347f5693aD,0xc2878e5bf5e0061cfdeb9e1d7546e02a8be01e94,12170,vebao-0xc2878e5bf5e0061cfdeb9e1d7546e02a8be01e94
erc20,0xDA187eB6F4D7eE3a0b8f5cd81eED8d347f5693aD,0x385bae68690c1b86e2f1ad75253d080c14fa6e16,12116,vebao-0x385bae68690c1b86e2f1ad75253d080c14fa6e16
erc20,0xDA187eB6F4D7eE3a0b8f5cd81eED8d347f5693aD,0x5707bd6e8b7f2efbdd305b512b42ad9761b8f4bf,11991,vebao-0x5707bd6e8b7f2efbdd305b512b42ad9761b8f4bf
erc20,0xDA187eB6F4D7eE3a0b8f5cd81eED8d347f5693aD,0x20e96532d2ed197e712e1173ffb53c23f522742b,11373,vebao-0x20e96532d2ed197e712e1173ffb53c23f522742b
erc20,0xDA187eB6F4D7eE3a0b8f5cd81eED8d347f5693aD,0x2efefdaf9ce657606f3f7a0823eb141589fd260d,11363,vebao-0x2efefdaf9ce657606f3f7a0823eb141589fd260d
erc20,0xDA187eB6F4D7eE3a0b8f5cd81eED8d347f5693aD,0xc080e234dba2545e93872ce6e96e683a4e29046b,11340,vebao-0xc080e234dba2545e93872ce6e96e683a4e29046b
erc20,0xDA187eB6F4D7eE3a0b8f5cd81eED8d347f5693aD,0x6bcc9b66141021dd0294dd13a1e12ee415c31c31,10819,vebao-0x6bcc9b66141021dd0294dd13a1e12ee415c31c31
erc20,0xDA187eB6F4D7eE3a0b8f5cd81eED8d347f5693aD,0x81a605058921b02efdb8208803e2ee9f22f8857a,10685,vebao-0x81a605058921b02efdb8208803e2ee9f22f8857a
erc20,0xDA187eB6F4D7eE3a0b8f5cd81eED8d347f5693aD,0x67600e231ed61dd556a3e433afcb1888e3631413,10168,vebao-0x67600e231ed61dd556a3e433afcb1888e3631413
erc20,0xDA187eB6F4D7eE3a0b8f5cd81eED8d347f5693aD,0x5638a322f13f835b6ec908e6cc669a55420cbef0,10097,vebao-0x5638a322f13f835b6ec908e6cc669a55420cbef0
erc20,0xDA187eB6F4D7eE3a0b8f5cd81eED8d347f5693aD,0x12481a91479a750de5fd6ded5741fc87671e30af,9619,vebao-0x12481a91479a750de5fd6ded5741fc87671e30af
erc20,0xDA187eB6F4D7eE3a0b8f5cd81eED8d347f5693aD,0xb6699cfb5973cb4a7c803b1cc06d7216d7a958fc,9235,vebao-0xb6699cfb5973cb4a7c803b1cc06d7216d7a958fc
erc20,0xDA187eB6F4D7eE3a0b8f5cd81eED8d347f5693aD,0x3125f7debe85e9eaad37bca1cbb91f782ee69e90,9087,vebao-0x3125f7debe85e9eaad37bca1cbb91f782ee69e90
erc20,0xDA187eB6F4D7eE3a0b8f5cd81eED8d347f5693aD,0x78f214cf1287b5c97df55a285e885b09c0d43e3d,9017,vebao-0x78f214cf1287b5c97df55a285e885b09c0d43e3d
erc20,0xDA187eB6F4D7eE3a0b8f5cd81eED8d347f5693aD,0x0f2e6990f1883e47a1c92aae5f69157556d72c30,8915,vebao-0x0f2e6990f1883e47a1c92aae5f69157556d72c30
erc20,0xDA187eB6F4D7eE3a0b8f5cd81eED8d347f5693aD,0xac08c660f4146a5a417b28492a882d5c6a32a293,8639,vebao-0xac08c660f4146a5a417b28492a882d5c6a32a293
erc20,0xDA187eB6F4D7eE3a0b8f5cd81eED8d347f5693aD,0x90294a8a0ea500e54d32267e962c35c76e91441e,8373,vebao-0x90294a8a0ea500e54d32267e962c35c76e91441e
erc20,0xDA187eB6F4D7eE3a0b8f5cd81eED8d347f5693aD,0x82b8b659a4a98f69cb7899e1a07089ea3b90a894,8296,vebao-0x82b8b659a4a98f69cb7899e1a07089ea3b90a894
erc20,0xDA187eB6F4D7eE3a0b8f5cd81eED8d347f5693aD,0x665268715678f9a1357c83907d5e5f725ac59973,8237,vebao-0x665268715678f9a1357c83907d5e5f725ac59973
erc20,0xDA187eB6F4D7eE3a0b8f5cd81eED8d347f5693aD,0xdc308f2d2f00889041e74b9c3d6e6b8ad57d81de,8138,vebao-0xdc308f2d2f00889041e74b9c3d6e6b8ad57d81de
erc20,0xDA187eB6F4D7eE3a0b8f5cd81eED8d347f5693aD,0x0d4ddea3849c54e16c85cb4354943dc876e05552,8118,vebao-0x0d4ddea3849c54e16c85cb4354943dc876e05552
erc20,0xDA187eB6F4D7eE3a0b8f5cd81eED8d347f5693aD,0x8307f7d3ea14eec78fa41e63e6f5e303d4d46cef,8057,vebao-0x8307f7d3ea14eec78fa41e63e6f5e303d4d46cef
erc20,0xDA187eB6F4D7eE3a0b8f5cd81eED8d347f5693aD,0x3883fd5101f545f70a85b3c7c7c0ed765b5b6384,7718,vebao-0x3883fd5101f545f70a85b3c7c7c0ed765b5b6384
erc20,0xDA187eB6F4D7eE3a0b8f5cd81eED8d347f5693aD,0xab6e57438d178927da2e73aef71a2f7b7b78a9e1,7672,vebao-0xab6e57438d178927da2e73aef71a2f7b7b78a9e1
erc20,0xDA187eB6F4D7eE3a0b8f5cd81eED8d347f5693aD,0x9b921fad875b06183d3992a125026c89915d71f6,7313,vebao-0x9b921fad875b06183d3992a125026c89915d71f6
erc20,0xDA187eB6F4D7eE3a0b8f5cd81eED8d347f5693aD,0xed821545e7a8719813736620b0017fd6ba6a9c5a,7286,vebao-0xed821545e7a8719813736620b0017fd6ba6a9c5a
erc20,0xDA187eB6F4D7eE3a0b8f5cd81eED8d347f5693aD,0xd7f58940f0b7c44172913f875bf2fa2017b2b00c,7264,vebao-0xd7f58940f0b7c44172913f875bf2fa2017b2b00c
erc20,0xDA187eB6F4D7eE3a0b8f5cd81eED8d347f5693aD,0x98d37196230e61b45784cfdcfb7ffd4daaaf0e7c,7136,vebao-0x98d37196230e61b45784cfdcfb7ffd4daaaf0e7c
erc20,0xDA187eB6F4D7eE3a0b8f5cd81eED8d347f5693aD,0xbf4070b1ace411f5c2ce76f688c39966e19e6a9e,7122,vebao-0xbf4070b1ace411f5c2ce76f688c39966e19e6a9e
erc20,0xDA187eB6F4D7eE3a0b8f5cd81eED8d347f5693aD,0x561fabf77870635290cac295c6e634128173bc66,6803,vebao-0x561fabf77870635290cac295c6e634128173bc66
erc20,0xDA187eB6F4D7eE3a0b8f5cd81eED8d347f5693aD,0xab30f11201d6d53215729d45dc05a0966c237922,6670,vebao-0xab30f11201d6d53215729d45dc05a0966c237922
erc20,0xDA187eB6F4D7eE3a0b8f5cd81eED8d347f5693aD,0xe686c86a2cf340a96e087ed70e28a72025112bb4,6611,vebao-0xe686c86a2cf340a96e087ed70e28a72025112bb4
erc20,0xDA187eB6F4D7eE3a0b8f5cd81eED8d347f5693aD,0x5086468a09ec0341c8a98e687338a065a04e66e3,6493,vebao-0x5086468a09ec0341c8a98e687338a065a04e66e3
erc20,0xDA187eB6F4D7eE3a0b8f5cd81eED8d347f5693aD,0x5fd8eb9b9958e88698fa64f0e4a418f6c9c563e2,6473,vebao-0x5fd8eb9b9958e88698fa64f0e4a418f6c9c563e2
erc20,0xDA187eB6F4D7eE3a0b8f5cd81eED8d347f5693aD,0xd3d99ab54bef2d94093076d549bb313bb0c5b017,6471,vebao-0xd3d99ab54bef2d94093076d549bb313bb0c5b017
erc20,0xDA187eB6F4D7eE3a0b8f5cd81eED8d347f5693aD,0x68863699ae0be79db4591f38295672d1bc6f5112,6282,vebao-0x68863699ae0be79db4591f38295672d1bc6f5112
erc20,0xDA187eB6F4D7eE3a0b8f5cd81eED8d347f5693aD,0xc1ef802ad2adfabd0859b5cc2243b7a5d05ccbb1,6172,vebao-0xc1ef802ad2adfabd0859b5cc2243b7a5d05ccbb1
erc20,0xDA187eB6F4D7eE3a0b8f5cd81eED8d347f5693aD,0xcfaba3994c45aa03e479000300801ae35b39c388,6133,vebao-0xcfaba3994c45aa03e479000300801ae35b39c388
erc20,0xDA187eB6F4D7eE3a0b8f5cd81eED8d347f5693aD,0xc407168f605dcfa09b349f976d594f032b11e6ec,6083,vebao-0xc407168f605dcfa09b349f976d594f032b11e6ec
erc20,0xDA187eB6F4D7eE3a0b8f5cd81eED8d347f5693aD,0x53f2736fae551c998d4e72e519f1acf474264de4,6031,vebao-0x53f2736fae551c998d4e72e519f1acf474264de4
erc20,0xDA187eB6F4D7eE3a0b8f5cd81eED8d347f5693aD,0x0f03e641fc5e156dca9effc453f60bd958277ec4,6031,vebao-0x0f03e641fc5e156dca9effc453f60bd958277ec4
erc20,0xDA187eB6F4D7eE3a0b8f5cd81eED8d347f5693aD,0x68d1e4d0a4e9686c871fd2af92f5c3609250eb60,5966,vebao-0x68d1e4d0a4e9686c871fd2af92f5c3609250eb60
erc20,0xDA187eB6F4D7eE3a0b8f5cd81eED8d347f5693aD,0xc8d76b1ae76bde393ef4cd495502d18326623ec5,5914,vebao-0xc8d76b1ae76bde393ef4cd495502d18326623ec5
erc20,0xDA187eB6F4D7eE3a0b8f5cd81eED8d347f5693aD,0x1de95c102c42849e3da1dd6ab5144a17b9ab205f,5857,vebao-0x1de95c102c42849e3da1dd6ab5144a17b9ab205f
erc20,0xDA187eB6F4D7eE3a0b8f5cd81eED8d347f5693aD,0xafa5dfeb5b3b16840a92d5fec1f5ece29128696f,5759,vebao-0xafa5dfeb5b3b16840a92d5fec1f5ece29128696f
erc20,0xDA187eB6F4D7eE3a0b8f5cd81eED8d347f5693aD,0xefd231e555f158e00d98508a4b2508e2c82da609,5726,vebao-0xefd231e555f158e00d98508a4b2508e2c82da609
erc20,0xDA187eB6F4D7eE3a0b8f5cd81eED8d347f5693aD,0x19d8cdd289acec531568d98136bb08e3c2a4c08a,5703,vebao-0x19d8cdd289acec531568d98136bb08e3c2a4c08a
erc20,0xDA187eB6F4D7eE3a0b8f5cd81eED8d347f5693aD,0xbb2fa667421f1eaa889531e609cba5bd4c3c82ef,5689,vebao-0xbb2fa667421f1eaa889531e609cba5bd4c3c82ef
erc20,0xDA187eB6F4D7eE3a0b8f5cd81eED8d347f5693aD,0x79983ebbc438b4da16c639627ad8cbf6774e9367,5629,vebao-0x79983ebbc438b4da16c639627ad8cbf6774e9367
erc20,0xDA187eB6F4D7eE3a0b8f5cd81eED8d347f5693aD,0x6e6a0f6f4cf2aedafb13a0bd5658bab427d9a929,5597,vebao-0x6e6a0f6f4cf2aedafb13a0bd5658bab427d9a929
erc20,0xDA187eB6F4D7eE3a0b8f5cd81eED8d347f5693aD,0x0635292c458f6a5d3b6636135e8e9e2ec1a5e23f,5583,vebao-0x0635292c458f6a5d3b6636135e8e9e2ec1a5e23f
erc20,0xDA187eB6F4D7eE3a0b8f5cd81eED8d347f5693aD,0xfee6be6b5cc8cb4ee8189850a69973e774e7614e,5421,vebao-0xfee6be6b5cc8cb4ee8189850a69973e774e7614e
erc20,0xDA187eB6F4D7eE3a0b8f5cd81eED8d347f5693aD,0x2e8098078fc33e9b152650ae4c615c6a2b8acc70,5415,vebao-0x2e8098078fc33e9b152650ae4c615c6a2b8acc70
erc20,0xDA187eB6F4D7eE3a0b8f5cd81eED8d347f5693aD,0x88cc181809678ee4f93867f7af1cf01adfc561e4,5391,vebao-0x88cc181809678ee4f93867f7af1cf01adfc561e4
erc20,0xDA187eB6F4D7eE3a0b8f5cd81eED8d347f5693aD,0x1c287f73c566b3382463a58e5e44f1336ed013c0,5301,vebao-0x1c287f73c566b3382463a58e5e44f1336ed013c0
erc20,0xDA187eB6F4D7eE3a0b8f5cd81eED8d347f5693aD,0x99c2e4708493b19baa116e26dfa0056f5a69a783,5215,vebao-0x99c2e4708493b19baa116e26dfa0056f5a69a783
erc20,0xDA187eB6F4D7eE3a0b8f5cd81eED8d347f5693aD,0xe8b67ebf4825fec2ab6c010a01064f5fa54672a5,4931,vebao-0xe8b67ebf4825fec2ab6c010a01064f5fa54672a5
erc20,0xDA187eB6F4D7eE3a0b8f5cd81eED8d347f5693aD,0x6b20c6e7e101853566dc9155adeb213e121f1896,4899,vebao-0x6b20c6e7e101853566dc9155adeb213e121f1896
erc20,0xDA187eB6F4D7eE3a0b8f5cd81eED8d347f5693aD,0xfbe0e02acb533c1261eb102376645d9e0a12d02c,4892,vebao-0xfbe0e02acb533c1261eb102376645d9e0a12d02c
erc20,0xDA187eB6F4D7eE3a0b8f5cd81eED8d347f5693aD,0x37193ea007f18666b40523e16c9b6c32b93124fe,4885,vebao-0x37193ea007f18666b40523e16c9b6c32b93124fe
erc20,0xDA187eB6F4D7eE3a0b8f5cd81eED8d347f5693aD,0x657773e6fc4221310f5d9b655e2136c03076affb,4830,vebao-0x657773e6fc4221310f5d9b655e2136c03076affb
erc20,0xDA187eB6F4D7eE3a0b8f5cd81eED8d347f5693aD,0xeea3742e65d7ffc31c659112a3c0a89be5e8443e,4792,vebao-0xeea3742e65d7ffc31c659112a3c0a89be5e8443e
erc20,0xDA187eB6F4D7eE3a0b8f5cd81eED8d347f5693aD,0xda48bcaeee77401926a3b358557169b7360f0059,4602,vebao-0xda48bcaeee77401926a3b358557169b7360f0059
erc20,0xDA187eB6F4D7eE3a0b8f5cd81eED8d347f5693aD,0x9d9fa64bd35f06c9f0e9598a7df93c31d72d14ce,4547,vebao-0x9d9fa64bd35f06c9f0e9598a7df93c31d72d14ce
erc20,0xDA187eB6F4D7eE3a0b8f5cd81eED8d347f5693aD,0xc581ab5a0b6dfbd3dfa32cc3bbc9388fc993b01e,4534,vebao-0xc581ab5a0b6dfbd3dfa32cc3bbc9388fc993b01e
erc20,0xDA187eB6F4D7eE3a0b8f5cd81eED8d347f5693aD,0xa4437d1ba5b365ee13ea368bb140d8200f6882e1,4471,vebao-0xa4437d1ba5b365ee13ea368bb140d8200f6882e1
erc20,0xDA187eB6F4D7eE3a0b8f5cd81eED8d347f5693aD,0x33b2a0295a48cac80dd6ba59c6880dcb1a9d2784,4429,vebao-0x33b2a0295a48cac80dd6ba59c6880dcb1a9d2784
erc20,0xDA187eB6F4D7eE3a0b8f5cd81eED8d347f5693aD,0x5876d971cbcd2e5c0c763bd23487b51dd09da2d3,4408,vebao-0x5876d971cbcd2e5c0c763bd23487b51dd09da2d3
erc20,0xDA187eB6F4D7eE3a0b8f5cd81eED8d347f5693aD,0xeaa0d991a7669d2a20afed9d842f8f4d2da35eea,4252,vebao-0xeaa0d991a7669d2a20afed9d842f8f4d2da35eea
erc20,0xDA187eB6F4D7eE3a0b8f5cd81eED8d347f5693aD,0x2c4f487acf3ac72a4ec9aa4d7a9059246ff46fe4,4176,vebao-0x2c4f487acf3ac72a4ec9aa4d7a9059246ff46fe4
erc20,0xDA187eB6F4D7eE3a0b8f5cd81eED8d347f5693aD,0x7329c9ead9b5bb0ad240b75c3cfdc2828ac2efcf,4087,vebao-0x7329c9ead9b5bb0ad240b75c3cfdc2828ac2efcf
erc20,0xDA187eB6F4D7eE3a0b8f5cd81eED8d347f5693aD,0xbd70a747a8ba81474add48c559043c8d24e447f7,4055,vebao-0xbd70a747a8ba81474add48c559043c8d24e447f7
erc20,0xDA187eB6F4D7eE3a0b8f5cd81eED8d347f5693aD,0xbb10d02745636d3c067e922dc55719b0a10aa6b9,4051,vebao-0xbb10d02745636d3c067e922dc55719b0a10aa6b9
erc20,0xDA187eB6F4D7eE3a0b8f5cd81eED8d347f5693aD,0x0d4aea0f52513c5f18299b0721cdb31565cb673f,4037,vebao-0x0d4aea0f52513c5f18299b0721cdb31565cb673f
erc20,0xDA187eB6F4D7eE3a0b8f5cd81eED8d347f5693aD,0x7a1ee39208a3a22ce6e8f5adbf21089afa133f69,4031,vebao-0x7a1ee39208a3a22ce6e8f5adbf21089afa133f69
erc20,0xDA187eB6F4D7eE3a0b8f5cd81eED8d347f5693aD,0x14b1b3ff91525dd00e8fb8ce000097ce7d1cb251,4005,vebao-0x14b1b3ff91525dd00e8fb8ce000097ce7d1cb251
erc20,0xDA187eB6F4D7eE3a0b8f5cd81eED8d347f5693aD,0x3e2178cf851a0e5cbf84c0ff53f820ad7ead703b,3961,vebao-0x3e2178cf851a0e5cbf84c0ff53f820ad7ead703b
erc20,0xDA187eB6F4D7eE3a0b8f5cd81eED8d347f5693aD,0xd7f82d004e49961f7e990ed28bf88c90e5884d97,3934,vebao-0xd7f82d004e49961f7e990ed28bf88c90e5884d97
erc20,0xDA187eB6F4D7eE3a0b8f5cd81eED8d347f5693aD,0x458c4869f3c3b38c031422ee3b379d5af46e2250,3917,vebao-0x458c4869f3c3b38c031422ee3b379d5af46e2250
erc20,0xDA187eB6F4D7eE3a0b8f5cd81eED8d347f5693aD,0x7b8135db002d27f745ef7f9f284fe9f641e6b217,3911,vebao-0x7b8135db002d27f745ef7f9f284fe9f641e6b217
erc20,0xDA187eB6F4D7eE3a0b8f5cd81eED8d347f5693aD,0x2d24ca70497639f32e8968aa48d6653e8096a96b,3867,vebao-0x2d24ca70497639f32e8968aa48d6653e8096a96b
erc20,0xDA187eB6F4D7eE3a0b8f5cd81eED8d347f5693aD,0x64b7fcc8c17540139bdd84d00c7261035602cb66,3859,vebao-0x64b7fcc8c17540139bdd84d00c7261035602cb66
erc20,0xDA187eB6F4D7eE3a0b8f5cd81eED8d347f5693aD,0x70e62655196fb5d1b80f368697e63f7aa2251ca7,3780,vebao-0x70e62655196fb5d1b80f368697e63f7aa2251ca7
erc20,0xDA187eB6F4D7eE3a0b8f5cd81eED8d347f5693aD,0x3d541381299fe4f8f1c02e45c18a2f6537433ff2,3739,vebao-0x3d541381299fe4f8f1c02e45c18a2f6537433ff2
erc20,0xDA187eB6F4D7eE3a0b8f5cd81eED8d347f5693aD,0x39a6afc920eab4722cf217ba84644ebd6adecf15,3736,vebao-0x39a6afc920eab4722cf217ba84644ebd6adecf15
erc20,0xDA187eB6F4D7eE3a0b8f5cd81eED8d347f5693aD,0x5bb681747da427dea95d20347a4eb76601279f66,3459,vebao-0x5bb681747da427dea95d20347a4eb76601279f66
erc20,0xDA187eB6F4D7eE3a0b8f5cd81eED8d347f5693aD,0x57b3c68caf0ebea2d9173bdb013655fd8da31aa4,3443,vebao-0x57b3c68caf0ebea2d9173bdb013655fd8da31aa4
erc20,0xDA187eB6F4D7eE3a0b8f5cd81eED8d347f5693aD,0x0c6a3617045d8e7223d2574b1fd157dc8f1c3e6d,3443,vebao-0x0c6a3617045d8e7223d2574b1fd157dc8f1c3e6d
erc20,0xDA187eB6F4D7eE3a0b8f5cd81eED8d347f5693aD,0x332e4bd83e8015c14c530253c0fe9a02d255708b,3359,vebao-0x332e4bd83e8015c14c530253c0fe9a02d255708b
erc20,0xDA187eB6F4D7eE3a0b8f5cd81eED8d347f5693aD,0x44affd16cc53ffb96e40c3caef33261600def1aa,3346,vebao-0x44affd16cc53ffb96e40c3caef33261600def1aa
erc20,0xDA187eB6F4D7eE3a0b8f5cd81eED8d347f5693aD,0x0bc3d3b6ab0ff696909ef63e6d89afe09c3eff7f,3304,vebao-0x0bc3d3b6ab0ff696909ef63e6d89afe09c3eff7f
erc20,0xDA187eB6F4D7eE3a0b8f5cd81eED8d347f5693aD,0x86beb4053eb9f5b549c10f7b774e44b3651c14e0,3288,vebao-0x86beb4053eb9f5b549c10f7b774e44b3651c14e0
erc20,0xDA187eB6F4D7eE3a0b8f5cd81eED8d347f5693aD,0xf333342a6b71f2a7157a1805b1291e8bb4df691a,3276,vebao-0xf333342a6b71f2a7157a1805b1291e8bb4df691a
erc20,0xDA187eB6F4D7eE3a0b8f5cd81eED8d347f5693aD,0xd492549e7800b8867f0c4ecbcc7a4aeec59c43fc,3218,vebao-0xd492549e7800b8867f0c4ecbcc7a4aeec59c43fc
erc20,0xDA187eB6F4D7eE3a0b8f5cd81eED8d347f5693aD,0xc6434ab50fa3af18497faa1b26018d2625274026,3209,vebao-0xc6434ab50fa3af18497faa1b26018d2625274026
erc20,0xDA187eB6F4D7eE3a0b8f5cd81eED8d347f5693aD,0x7b0992c77561e7d032c07476e7a8959c8b9665dd,3208,vebao-0x7b0992c77561e7d032c07476e7a8959c8b9665dd
erc20,0xDA187eB6F4D7eE3a0b8f5cd81eED8d347f5693aD,0x0338ce5020c447f7e668dc2ef778025ce398266b,3195,vebao-0x0338ce5020c447f7e668dc2ef778025ce398266b
erc20,0xDA187eB6F4D7eE3a0b8f5cd81eED8d347f5693aD,0xc6edbbe55279871c1e6cffbfd844680906bb7430,3170,vebao-0xc6edbbe55279871c1e6cffbfd844680906bb7430
erc20,0xDA187eB6F4D7eE3a0b8f5cd81eED8d347f5693aD,0x2414250ea6b80bf66938838ea01ef2de7f1c7a13,3145,vebao-0x2414250ea6b80bf66938838ea01ef2de7f1c7a13
erc20,0xDA187eB6F4D7eE3a0b8f5cd81eED8d347f5693aD,0x3969fbca1fa0bc9841a8fd915563721086e742ff,3102,vebao-0x3969fbca1fa0bc9841a8fd915563721086e742ff
erc20,0xDA187eB6F4D7eE3a0b8f5cd81eED8d347f5693aD,0x771edb1e9c245a975a602c471d103269693c980a,3079,vebao-0x771edb1e9c245a975a602c471d103269693c980a
erc20,0xDA187eB6F4D7eE3a0b8f5cd81eED8d347f5693aD,0x2d5a1f0c8ee37509660b46f49dd96638dcb4f7ab,3072,vebao-0x2d5a1f0c8ee37509660b46f49dd96638dcb4f7ab
erc20,0xDA187eB6F4D7eE3a0b8f5cd81eED8d347f5693aD,0x7b7c1a3d2c2306abffb64cc07ee2dd011da6d882,3069,vebao-0x7b7c1a3d2c2306abffb64cc07ee2dd011da6d882
erc20,0xDA187eB6F4D7eE3a0b8f5cd81eED8d347f5693aD,0xe07e487d5a5e1098bbb4d259dac5ef83ae273f4e,3020,vebao-0xe07e487d5a5e1098bbb4d259dac5ef83ae273f4e
erc20,0xDA187eB6F4D7eE3a0b8f5cd81eED8d347f5693aD,0x28b6043e5b2d4615d91a932145ac74d6adf395f3,3006,vebao-0x28b6043e5b2d4615d91a932145ac74d6adf395f3
erc20,0xDA187eB6F4D7eE3a0b8f5cd81eED8d347f5693aD,0xc972a4ba4b10555171f2c08f185e05571e129cd7,2985,vebao-0xc972a4ba4b10555171f2c08f185e05571e129cd7
erc20,0xDA187eB6F4D7eE3a0b8f5cd81eED8d347f5693aD,0x38722aba0f448df84c5882ba24554886d808073f,2967,vebao-0x38722aba0f448df84c5882ba24554886d808073f
erc20,0xDA187eB6F4D7eE3a0b8f5cd81eED8d347f5693aD,0xb6ac0341fcf3fb507a8208d34a97f13779e1393d,2911,vebao-0xb6ac0341fcf3fb507a8208d34a97f13779e1393d
erc20,0xDA187eB6F4D7eE3a0b8f5cd81eED8d347f5693aD,0xfc67418ff4ffb7f39769587bfd425d750b9f0663,2904,vebao-0xfc67418ff4ffb7f39769587bfd425d750b9f0663
erc20,0xDA187eB6F4D7eE3a0b8f5cd81eED8d347f5693aD,0xbaf7c82d877c70096f27391217001eda08d4cec9,2874,vebao-0xbaf7c82d877c70096f27391217001eda08d4cec9
erc20,0xDA187eB6F4D7eE3a0b8f5cd81eED8d347f5693aD,0xffaf69df59dee66854c9c9d14fb9cf61d5c87041,2873,vebao-0xffaf69df59dee66854c9c9d14fb9cf61d5c87041
erc20,0xDA187eB6F4D7eE3a0b8f5cd81eED8d347f5693aD,0xfdbbfb0fe2986672af97eca0e797d76a0bbf35c9,2781,vebao-0xfdbbfb0fe2986672af97eca0e797d76a0bbf35c9
erc20,0xDA187eB6F4D7eE3a0b8f5cd81eED8d347f5693aD,0x3b426507f6e62aae05591f6ac4edcaf030958099,2755,vebao-0x3b426507f6e62aae05591f6ac4edcaf030958099
erc20,0xDA187eB6F4D7eE3a0b8f5cd81eED8d347f5693aD,0x7c0eed74d4e818dddf82bbbc378cc3283502d87e,2746,vebao-0x7c0eed74d4e818dddf82bbbc378cc3283502d87e
erc20,0xDA187eB6F4D7eE3a0b8f5cd81eED8d347f5693aD,0xf97664376416e9379f2354db444bfe3f00b6936b,2738,vebao-0xf97664376416e9379f2354db444bfe3f00b6936b
erc20,0xDA187eB6F4D7eE3a0b8f5cd81eED8d347f5693aD,0xc56d6cff03b337e12022b7b531aa43e1ccf08240,2731,vebao-0xc56d6cff03b337e12022b7b531aa43e1ccf08240
erc20,0xDA187eB6F4D7eE3a0b8f5cd81eED8d347f5693aD,0x61519b6325d874eda2afd94c9a7a653212e2feb5,2716,vebao-0x61519b6325d874eda2afd94c9a7a653212e2feb5
erc20,0xDA187eB6F4D7eE3a0b8f5cd81eED8d347f5693aD,0xbbfb6566ad064c233af6314aeb1eee4c26a5f921,2681,vebao-0xbbfb6566ad064c233af6314aeb1eee4c26a5f921
erc20,0xDA187eB6F4D7eE3a0b8f5cd81eED8d347f5693aD,0xf012f03bd16e7c24ae3a8e89a4250440a8c6da36,2679,vebao-0xf012f03bd16e7c24ae3a8e89a4250440a8c6da36
erc20,0xDA187eB6F4D7eE3a0b8f5cd81eED8d347f5693aD,0xd3eb89929a27df9d3bf0367e8dfd2db8bc0a65d0,2678,vebao-0xd3eb89929a27df9d3bf0367e8dfd2db8bc0a65d0
erc20,0xDA187eB6F4D7eE3a0b8f5cd81eED8d347f5693aD,0x544affb3a112cb3116a84b408574d40f213a2aee,2677,vebao-0x544affb3a112cb3116a84b408574d40f213a2aee
erc20,0xDA187eB6F4D7eE3a0b8f5cd81eED8d347f5693aD,0x06ee0188a38222795cdb4ae480e0128ff542851d,2675,vebao-0x06ee0188a38222795cdb4ae480e0128ff542851d
erc20,0xDA187eB6F4D7eE3a0b8f5cd81eED8d347f5693aD,0x954a8666cfc35b98f5b623e84716fe711aaa8f73,2605,vebao-0x954a8666cfc35b98f5b623e84716fe711aaa8f73
erc20,0xDA187eB6F4D7eE3a0b8f5cd81eED8d347f5693aD,0x986176df2e9dc6225dfb498d1869aba04893dce1,2556,vebao-0x986176df2e9dc6225dfb498d1869aba04893dce1
erc20,0xDA187eB6F4D7eE3a0b8f5cd81eED8d347f5693aD,0x9eab3e7c7e30c70723e023f4c36d9abdd9effca8,2520,vebao-0x9eab3e7c7e30c70723e023f4c36d9abdd9effca8
erc20,0xDA187eB6F4D7eE3a0b8f5cd81eED8d347f5693aD,0x0f4e53ae034a7165cc8ebe4b300a709ea3497a59,2511,vebao-0x0f4e53ae034a7165cc8ebe4b300a709ea3497a59
erc20,0xDA187eB6F4D7eE3a0b8f5cd81eED8d347f5693aD,0xd2588f0147e5653684dd7f22f8b723ed0af0e333,2504,vebao-0xd2588f0147e5653684dd7f22f8b723ed0af0e333
erc20,0xDA187eB6F4D7eE3a0b8f5cd81eED8d347f5693aD,0x38c9496bd0bce0cd890d98bc4999dae7cb844492,2432,vebao-0x38c9496bd0bce0cd890d98bc4999dae7cb844492
erc20,0xDA187eB6F4D7eE3a0b8f5cd81eED8d347f5693aD,0x276adf94808668338ff61df00d63c2f8ce056206,2405,vebao-0x276adf94808668338ff61df00d63c2f8ce056206
erc20,0xDA187eB6F4D7eE3a0b8f5cd81eED8d347f5693aD,0xa812202eca0a478b9aff492ec831adc3a8f388a4,2375,vebao-0xa812202eca0a478b9aff492ec831adc3a8f388a4
erc20,0xDA187eB6F4D7eE3a0b8f5cd81eED8d347f5693aD,0x8255eb729cc7b472ddae4cfcf4b68d700e3e5cde,2334,vebao-0x8255eb729cc7b472ddae4cfcf4b68d700e3e5cde
erc20,0xDA187eB6F4D7eE3a0b8f5cd81eED8d347f5693aD,0xd59454d71daf3fd289da39fb0ce3728688151cb9,2269,vebao-0xd59454d71daf3fd289da39fb0ce3728688151cb9
erc20,0xDA187eB6F4D7eE3a0b8f5cd81eED8d347f5693aD,0xdc9cdd31bc0f598e6b2c8302312b40852f636e60,2258,vebao-0xdc9cdd31bc0f598e6b2c8302312b40852f636e60
erc20,0xDA187eB6F4D7eE3a0b8f5cd81eED8d347f5693aD,0xf13793ee33a30446e0e8609a4b3f6155ece0bcdd,2248,vebao-0xf13793ee33a30446e0e8609a4b3f6155ece0bcdd
erc20,0xDA187eB6F4D7eE3a0b8f5cd81eED8d347f5693aD,0x7daa850bb3cb2f23af4a16c5bd23aecffaf2b266,2242,vebao-0x7daa850bb3cb2f23af4a16c5bd23aecffaf2b266
erc20,0xDA187eB6F4D7eE3a0b8f5cd81eED8d347f5693aD,0x3e170a2ccc972a5fe360f7da47b9e763d2aa39f5,2237,vebao-0x3e170a2ccc972a5fe360f7da47b9e763d2aa39f5
erc20,0xDA187eB6F4D7eE3a0b8f5cd81eED8d347f5693aD,0xe5f47105e6939b917d0a0f95ae87d98cf137051a,2234,vebao-0xe5f47105e6939b917d0a0f95ae87d98cf137051a
erc20,0xDA187eB6F4D7eE3a0b8f5cd81eED8d347f5693aD,0x2492a8400813764952c89a88232f1221858d9c10,2232,vebao-0x2492a8400813764952c89a88232f1221858d9c10
erc20,0xDA187eB6F4D7eE3a0b8f5cd81eED8d347f5693aD,0x95dba087a364c1169fa0697893d4f76103802c24,2230,vebao-0x95dba087a364c1169fa0697893d4f76103802c24
erc20,0xDA187eB6F4D7eE3a0b8f5cd81eED8d347f5693aD,0x21cceb8a7f4ad404ae65f8c463cccd6af6794563,2218,vebao-0x21cceb8a7f4ad404ae65f8c463cccd6af6794563
erc20,0xDA187eB6F4D7eE3a0b8f5cd81eED8d347f5693aD,0xaccf872f83fea0de1cc688a12d465d0d079d2f87,2213,vebao-0xaccf872f83fea0de1cc688a12d465d0d079d2f87
erc20,0xDA187eB6F4D7eE3a0b8f5cd81eED8d347f5693aD,0x111cd92405b1dfbd19882d361418f49d99d8fed8,2200,vebao-0x111cd92405b1dfbd19882d361418f49d99d8fed8
erc20,0xDA187eB6F4D7eE3a0b8f5cd81eED8d347f5693aD,0xc4f88c35bd1485c846847c093b5a77a126cf1b05,2158,vebao-0xc4f88c35bd1485c846847c093b5a77a126cf1b05
erc20,0xDA187eB6F4D7eE3a0b8f5cd81eED8d347f5693aD,0x6b5cf1eefbf4e919690cc06f6daa25cd0c925130,2118,vebao-0x6b5cf1eefbf4e919690cc06f6daa25cd0c925130
erc20,0xDA187eB6F4D7eE3a0b8f5cd81eED8d347f5693aD,0xea8132a721a8997840677c5360cdfc1b604e630c,2090,vebao-0xea8132a721a8997840677c5360cdfc1b604e630c
erc20,0xDA187eB6F4D7eE3a0b8f5cd81eED8d347f5693aD,0x4f734233d0546aede263ccd746c4a2803247e824,2081,vebao-0x4f734233d0546aede263ccd746c4a2803247e824
erc20,0xDA187eB6F4D7eE3a0b8f5cd81eED8d347f5693aD,0xa28e586e24e6d78d05e822188ddc118ac2fb034b,2078,vebao-0xa28e586e24e6d78d05e822188ddc118ac2fb034b
erc20,0xDA187eB6F4D7eE3a0b8f5cd81eED8d347f5693aD,0x1605e5ae754f9def0fbc612676efa740678b1f5c,2010,vebao-0x1605e5ae754f9def0fbc612676efa740678b1f5c
erc20,0xDA187eB6F4D7eE3a0b8f5cd81eED8d347f5693aD,0xb5fd7881a824ee0b4dc1ecd6a8e764f85475e389,1893,vebao-0xb5fd7881a824ee0b4dc1ecd6a8e764f85475e389
erc20,0xDA187eB6F4D7eE3a0b8f5cd81eED8d347f5693aD,0xe8babd5433b0798e8fa134108fd77013e9e47106,1871,vebao-0xe8babd5433b0798e8fa134108fd77013e9e47106
erc20,0xDA187eB6F4D7eE3a0b8f5cd81eED8d347f5693aD,0xa5038c7717d2b082c6301cd68093e8ad3b5dc466,1854,vebao-0xa5038c7717d2b082c6301cd68093e8ad3b5dc466
erc20,0xDA187eB6F4D7eE3a0b8f5cd81eED8d347f5693aD,0xc56e357599de4418c3a33ad611130d2b2b36b19a,1827,vebao-0xc56e357599de4418c3a33ad611130d2b2b36b19a
erc20,0xDA187eB6F4D7eE3a0b8f5cd81eED8d347f5693aD,0x76c7feee01964296a4da1812b8ca898dad221d5e,1818,vebao-0x76c7feee01964296a4da1812b8ca898dad221d5e
erc20,0xDA187eB6F4D7eE3a0b8f5cd81eED8d347f5693aD,0x96c4b1071c4a92d310c2c422388150681a73be20,1810,vebao-0x96c4b1071c4a92d310c2c422388150681a73be20
erc20,0xDA187eB6F4D7eE3a0b8f5cd81eED8d347f5693aD,0x8d76995e815bf18d757aa56fa496b09309009732,1805,vebao-0x8d76995e815bf18d757aa56fa496b09309009732
erc20,0xDA187eB6F4D7eE3a0b8f5cd81eED8d347f5693aD,0x4810e54d91a6615aab52633d45edef51c029b844,1762,vebao-0x4810e54d91a6615aab52633d45edef51c029b844
erc20,0xDA187eB6F4D7eE3a0b8f5cd81eED8d347f5693aD,0x45af66ef9eb1e505077551df87b2e95d7481018c,1751,vebao-0x45af66ef9eb1e505077551df87b2e95d7481018c
erc20,0xDA187eB6F4D7eE3a0b8f5cd81eED8d347f5693aD,0xf8cd644baf494d13406187cf8628754dca0a10c2,1745,vebao-0xf8cd644baf494d13406187cf8628754dca0a10c2
erc20,0xDA187eB6F4D7eE3a0b8f5cd81eED8d347f5693aD,0x148538865837a2f8bf9ef2eb68a28bb6eab06881,1734,vebao-0x148538865837a2f8bf9ef2eb68a28bb6eab06881
erc20,0xDA187eB6F4D7eE3a0b8f5cd81eED8d347f5693aD,0x98485f9370828d0ceb93a37da329661f197f7b32,1731,vebao-0x98485f9370828d0ceb93a37da329661f197f7b32
erc20,0xDA187eB6F4D7eE3a0b8f5cd81eED8d347f5693aD,0x64c40df0f9e45f128ce2186c864a70f8e676f1b7,1689,vebao-0x64c40df0f9e45f128ce2186c864a70f8e676f1b7
erc20,0xDA187eB6F4D7eE3a0b8f5cd81eED8d347f5693aD,0xb3853620bad01e0d3eb72f53db9f0efc4c6326c3,1687,vebao-0xb3853620bad01e0d3eb72f53db9f0efc4c6326c3
erc20,0xDA187eB6F4D7eE3a0b8f5cd81eED8d347f5693aD,0x263a13fbe5416661d8ff67c5d98624d1553900ae,1676,vebao-0x263a13fbe5416661d8ff67c5d98624d1553900ae
erc20,0xDA187eB6F4D7eE3a0b8f5cd81eED8d347f5693aD,0xce04002d9e12403be774a32f07172666daf6d5e4,1667,vebao-0xce04002d9e12403be774a32f07172666daf6d5e4
erc20,0xDA187eB6F4D7eE3a0b8f5cd81eED8d347f5693aD,0xc7760a7c140505b910c8d27f1044850f04718c76,1667,vebao-0xc7760a7c140505b910c8d27f1044850f04718c76
erc20,0xDA187eB6F4D7eE3a0b8f5cd81eED8d347f5693aD,0xb2f69c280285e782e561c450343f6f05afa583c4,1650,vebao-0xb2f69c280285e782e561c450343f6f05afa583c4
erc20,0xDA187eB6F4D7eE3a0b8f5cd81eED8d347f5693aD,0xe02c6c870949a12f74541a225704494920b4c4d7,1614,vebao-0xe02c6c870949a12f74541a225704494920b4c4d7
erc20,0xDA187eB6F4D7eE3a0b8f5cd81eED8d347f5693aD,0xb4aed39de015aa33cdcde8a4692d86d86bcc8b62,1575,vebao-0xb4aed39de015aa33cdcde8a4692d86d86bcc8b62
erc20,0xDA187eB6F4D7eE3a0b8f5cd81eED8d347f5693aD,0x3ad03f6408d8f4158f9fe26567d4e98be0ab92c6,1562,vebao-0x3ad03f6408d8f4158f9fe26567d4e98be0ab92c6
erc20,0xDA187eB6F4D7eE3a0b8f5cd81eED8d347f5693aD,0xbdbfe5f4d8775472b0398f88fc378ec2e5518558,1555,vebao-0xbdbfe5f4d8775472b0398f88fc378ec2e5518558
erc20,0xDA187eB6F4D7eE3a0b8f5cd81eED8d347f5693aD,0x52ea1a4f963dd1a17ce0aefba41e1fdcd8979013,1547,vebao-0x52ea1a4f963dd1a17ce0aefba41e1fdcd8979013
erc20,0xDA187eB6F4D7eE3a0b8f5cd81eED8d347f5693aD,0xdb687064091b8d2df1a02273411a03b707e20003,1522,vebao-0xdb687064091b8d2df1a02273411a03b707e20003
erc20,0xDA187eB6F4D7eE3a0b8f5cd81eED8d347f5693aD,0x6f28a659813a54511027d90b7fe78a5d17f55080,1516,vebao-0x6f28a659813a54511027d90b7fe78a5d17f55080
erc20,0xDA187eB6F4D7eE3a0b8f5cd81eED8d347f5693aD,0x0b240c66c395ccb057e37fb06ea38cfe2fb00196,1494,vebao-0x0b240c66c395ccb057e37fb06ea38cfe2fb00196
erc20,0xDA187eB6F4D7eE3a0b8f5cd81eED8d347f5693aD,0x2704389cd4c9c4c5865a3ee4b76977b480480004,1484,vebao-0x2704389cd4c9c4c5865a3ee4b76977b480480004
erc20,0xDA187eB6F4D7eE3a0b8f5cd81eED8d347f5693aD,0xa619cbd5cb839484fc13182b207b25e786c6512f,1474,vebao-0xa619cbd5cb839484fc13182b207b25e786c6512f
erc20,0xDA187eB6F4D7eE3a0b8f5cd81eED8d347f5693aD,0x248c7b8355ca79c7e33e8d21b5f5b8c6006655e5,1469,vebao-0x248c7b8355ca79c7e33e8d21b5f5b8c6006655e5
erc20,0xDA187eB6F4D7eE3a0b8f5cd81eED8d347f5693aD,0x60abc47e40f30fdef061fd815c2106a0df9cf57a,1444,vebao-0x60abc47e40f30fdef061fd815c2106a0df9cf57a
erc20,0xDA187eB6F4D7eE3a0b8f5cd81eED8d347f5693aD,0xd48f1a44e56526e96a983ff750559aa365810d5a,1440,vebao-0xd48f1a44e56526e96a983ff750559aa365810d5a
erc20,0xDA187eB6F4D7eE3a0b8f5cd81eED8d347f5693aD,0xbb1b620196f8431da5d34f1773127a523359f307,1435,vebao-0xbb1b620196f8431da5d34f1773127a523359f307
erc20,0xDA187eB6F4D7eE3a0b8f5cd81eED8d347f5693aD,0x3ca99ce62eb6d9ae98b3c4e3e687dbc923cd868f,1433,vebao-0x3ca99ce62eb6d9ae98b3c4e3e687dbc923cd868f
erc20,0xDA187eB6F4D7eE3a0b8f5cd81eED8d347f5693aD,0x50e0f561dd634c2cbfab98d4a2689103ae1f6fb3,1426,vebao-0x50e0f561dd634c2cbfab98d4a2689103ae1f6fb3
erc20,0xDA187eB6F4D7eE3a0b8f5cd81eED8d347f5693aD,0x0cd46345cd68e38f08280cfb24dc0a0dff8bbf6f,1425,vebao-0x0cd46345cd68e38f08280cfb24dc0a0dff8bbf6f
erc20,0xDA187eB6F4D7eE3a0b8f5cd81eED8d347f5693aD,0xc372945d451dd606f13dfc5c29c32889f810e825,1423,vebao-0xc372945d451dd606f13dfc5c29c32889f810e825
erc20,0xDA187eB6F4D7eE3a0b8f5cd81eED8d347f5693aD,0x4a4f0bf61a08e379d23031f6f7ff8271eb7ccee3,1409,vebao-0x4a4f0bf61a08e379d23031f6f7ff8271eb7ccee3
erc20,0xDA187eB6F4D7eE3a0b8f5cd81eED8d347f5693aD,0x282f7f36ec0a428ca9390584039d3836d47c45e6,1407,vebao-0x282f7f36ec0a428ca9390584039d3836d47c45e6
erc20,0xDA187eB6F4D7eE3a0b8f5cd81eED8d347f5693aD,0x9ffb0ac4883867f143283c3258569f293d4c459c,1404,vebao-0x9ffb0ac4883867f143283c3258569f293d4c459c
erc20,0xDA187eB6F4D7eE3a0b8f5cd81eED8d347f5693aD,0xa15b6f9a880a8ce90a52b6f533051ac5045d56b0,1401,vebao-0xa15b6f9a880a8ce90a52b6f533051ac5045d56b0
erc20,0xDA187eB6F4D7eE3a0b8f5cd81eED8d347f5693aD,0x5fb716a4b09d42f5894f3a2c7d3da3ee1711c3f8,1401,vebao-0x5fb716a4b09d42f5894f3a2c7d3da3ee1711c3f8
erc20,0xDA187eB6F4D7eE3a0b8f5cd81eED8d347f5693aD,0x6c3ae5fb394e86c897800b616ba05fcdad781607,1399,vebao-0x6c3ae5fb394e86c897800b616ba05fcdad781607
erc20,0xDA187eB6F4D7eE3a0b8f5cd81eED8d347f5693aD,0x83a98561e6e5c5ad7b6a13de06dcf2f30ed9d41b,1392,vebao-0x83a98561e6e5c5ad7b6a13de06dcf2f30ed9d41b
erc20,0xDA187eB6F4D7eE3a0b8f5cd81eED8d347f5693aD,0x0631ec19b52aa263d7c850bb7c766525958fa13f,1352,vebao-0x0631ec19b52aa263d7c850bb7c766525958fa13f
erc20,0xDA187eB6F4D7eE3a0b8f5cd81eED8d347f5693aD,0x230e0748b115733f4d41471e51e08fddb3b6337d,1341,vebao-0x230e0748b115733f4d41471e51e08fddb3b6337d
erc20,0xDA187eB6F4D7eE3a0b8f5cd81eED8d347f5693aD,0x61730e3193fbdbaf8560305320f24ce6c20e0d0e,1338,vebao-0x61730e3193fbdbaf8560305320f24ce6c20e0d0e
erc20,0xDA187eB6F4D7eE3a0b8f5cd81eED8d347f5693aD,0x921db857a07282d5759a39eb7e9581f71562ac70,1337,vebao-0x921db857a07282d5759a39eb7e9581f71562ac70
erc20,0xDA187eB6F4D7eE3a0b8f5cd81eED8d347f5693aD,0x353408bc10d8cbc260d8cb4269e3a35baf35dbc8,1332,vebao-0x353408bc10d8cbc260d8cb4269e3a35baf35dbc8
erc20,0xDA187eB6F4D7eE3a0b8f5cd81eED8d347f5693aD,0x13f48a27066a37e33ad4dcc6cc1a0c9d61c8ed63,1330,vebao-0x13f48a27066a37e33ad4dcc6cc1a0c9d61c8ed63
erc20,0xDA187eB6F4D7eE3a0b8f5cd81eED8d347f5693aD,0xcb9649e80d15f3aa2993a691a73c7ed29e47df63,1316,vebao-0xcb9649e80d15f3aa2993a691a73c7ed29e47df63
erc20,0xDA187eB6F4D7eE3a0b8f5cd81eED8d347f5693aD,0x3d16451a4b73e778bfec126025ba79716a17e32d,1297,vebao-0x3d16451a4b73e778bfec126025ba79716a17e32d
erc20,0xDA187eB6F4D7eE3a0b8f5cd81eED8d347f5693aD,0x050dc20e5df0cf14eb15b0cd1e24b3748f23eb52,1280,vebao-0x050dc20e5df0cf14eb15b0cd1e24b3748f23eb52
erc20,0xDA187eB6F4D7eE3a0b8f5cd81eED8d347f5693aD,0xe78a80c60fecf8ae11179df5e83cb7b8c60cd4ce,1277,vebao-0xe78a80c60fecf8ae11179df5e83cb7b8c60cd4ce
erc20,0xDA187eB6F4D7eE3a0b8f5cd81eED8d347f5693aD,0xeab327aebd3e52308f6ba827a153b33c58400db0,1254,vebao-0xeab327aebd3e52308f6ba827a153b33c58400db0
erc20,0xDA187eB6F4D7eE3a0b8f5cd81eED8d347f5693aD,0x3631a6b1318a73dd2dbf890713a8aaa2c98c9a50,1233,vebao-0x3631a6b1318a73dd2dbf890713a8aaa2c98c9a50
erc20,0xDA187eB6F4D7eE3a0b8f5cd81eED8d347f5693aD,0x2461ed08ae562e3fb84c35fc06d633171894daf4,1232,vebao-0x2461ed08ae562e3fb84c35fc06d633171894daf4
erc20,0xDA187eB6F4D7eE3a0b8f5cd81eED8d347f5693aD,0x0b76aff2f45fe8744a6e02389d4621dcac09d6a9,1225,vebao-0x0b76aff2f45fe8744a6e02389d4621dcac09d6a9
erc20,0xDA187eB6F4D7eE3a0b8f5cd81eED8d347f5693aD,0x3eafaaa0117efb80f94b827b5e7e26b5830d5636,1224,vebao-0x3eafaaa0117efb80f94b827b5e7e26b5830d5636
erc20,0xDA187eB6F4D7eE3a0b8f5cd81eED8d347f5693aD,0x4b6dffa4895610570330880ce370dd764ca67da0,1218,vebao-0x4b6dffa4895610570330880ce370dd764ca67da0
erc20,0xDA187eB6F4D7eE3a0b8f5cd81eED8d347f5693aD,0x2daad1a52d57b3932daa9c1a1b9f73db352971a8,1217,vebao-0x2daad1a52d57b3932daa9c1a1b9f73db352971a8
erc20,0xDA187eB6F4D7eE3a0b8f5cd81eED8d347f5693aD,0x8c39b7cb82b9d791adcc9387098944b635c17b32,1212,vebao-0x8c39b7cb82b9d791adcc9387098944b635c17b32
erc20,0xDA187eB6F4D7eE3a0b8f5cd81eED8d347f5693aD,0xa91508dc7a7753ac2420adc2fbd17ce8364810e7,1191,vebao-0xa91508dc7a7753ac2420adc2fbd17ce8364810e7
erc20,0xDA187eB6F4D7eE3a0b8f5cd81eED8d347f5693aD,0x3fdf775e634cf22003c34922c7e0d8c65face596,1179,vebao-0x3fdf775e634cf22003c34922c7e0d8c65face596
erc20,0xDA187eB6F4D7eE3a0b8f5cd81eED8d347f5693aD,0x0fda6dc6b11c2ad70d496e9b08faee66f5de6177,1159,vebao-0x0fda6dc6b11c2ad70d496e9b08faee66f5de6177
erc20,0xDA187eB6F4D7eE3a0b8f5cd81eED8d347f5693aD,0x44626188b82a67e82bf20b37f3a14b5e7b033fff,1123,vebao-0x44626188b82a67e82bf20b37f3a14b5e7b033fff
erc20,0xDA187eB6F4D7eE3a0b8f5cd81eED8d347f5693aD,0x562efd37957bc0b0046ae53f06086246f63a34ca,1116,vebao-0x562efd37957bc0b0046ae53f06086246f63a34ca
erc20,0xDA187eB6F4D7eE3a0b8f5cd81eED8d347f5693aD,0x71c49278eeee6d73ebb5c6940079db74dc8d5e8b,1110,vebao-0x71c49278eeee6d73ebb5c6940079db74dc8d5e8b
erc20,0xDA187eB6F4D7eE3a0b8f5cd81eED8d347f5693aD,0x9bbec9b5fdcc49862c87076eb94c44a1fbfd74e8,1108,vebao-0x9bbec9b5fdcc49862c87076eb94c44a1fbfd74e8
erc20,0xDA187eB6F4D7eE3a0b8f5cd81eED8d347f5693aD,0x246bc9695d9cdca034d648ec1db3c1e74f0a6cac,1101,vebao-0x246bc9695d9cdca034d648ec1db3c1e74f0a6cac
erc20,0xDA187eB6F4D7eE3a0b8f5cd81eED8d347f5693aD,0x4382916a88b6eed40530ef47ded0d402563ddaca,1095,vebao-0x4382916a88b6eed40530ef47ded0d402563ddaca
erc20,0xDA187eB6F4D7eE3a0b8f5cd81eED8d347f5693aD,0x483c3f43ae8c215c41ef113ee35887ab85f9f7ce,1088,vebao-0x483c3f43ae8c215c41ef113ee35887ab85f9f7ce
erc20,0xDA187eB6F4D7eE3a0b8f5cd81eED8d347f5693aD,0x0b86c97f60ae5a0d442de0aadf36cdf7e61b30d6,1088,vebao-0x0b86c97f60ae5a0d442de0aadf36cdf7e61b30d6
erc20,0xDA187eB6F4D7eE3a0b8f5cd81eED8d347f5693aD,0x9891a2cc8af1827028737dd47bb11ae1bc18ce8f,1084,vebao-0x9891a2cc8af1827028737dd47bb11ae1bc18ce8f
erc20,0xDA187eB6F4D7eE3a0b8f5cd81eED8d347f5693aD,0x17d96151c806eea5a1bad43365c4405be341fc6c,1083,vebao-0x17d96151c806eea5a1bad43365c4405be341fc6c
erc20,0xDA187eB6F4D7eE3a0b8f5cd81eED8d347f5693aD,0x24fa431e0276eb6b1f70c64590ea28840100c9f1,1071,vebao-0x24fa431e0276eb6b1f70c64590ea28840100c9f1
erc20,0xDA187eB6F4D7eE3a0b8f5cd81eED8d347f5693aD,0xfede38d4f0e8c7798efa2b56ec0293bdde8f71d0,1061,vebao-0xfede38d4f0e8c7798efa2b56ec0293bdde8f71d0
erc20,0xDA187eB6F4D7eE3a0b8f5cd81eED8d347f5693aD,0xef1224e628dcd24a6a7c32828255ad8a4524d205,1040,vebao-0xef1224e628dcd24a6a7c32828255ad8a4524d205
erc20,0xDA187eB6F4D7eE3a0b8f5cd81eED8d347f5693aD,0x1ce99932fd278e00911814dc4bd403e1293d8ed2,1034,vebao-0x1ce99932fd278e00911814dc4bd403e1293d8ed2
erc20,0xDA187eB6F4D7eE3a0b8f5cd81eED8d347f5693aD,0x8b6218aa331be07cdbc304a7ed7c75aaad0666ac,1031,vebao-0x8b6218aa331be07cdbc304a7ed7c75aaad0666ac
erc20,0xDA187eB6F4D7eE3a0b8f5cd81eED8d347f5693aD,0x1125917201ed36700f86c3cecec8c5dafae280d1,1024,vebao-0x1125917201ed36700f86c3cecec8c5dafae280d1
erc20,0xDA187eB6F4D7eE3a0b8f5cd81eED8d347f5693aD,0x053447912cb5df465239b3187e1fb7873b473a1f,1007,vebao-0x053447912cb5df465239b3187e1fb7873b473a1f
erc20,0xDA187eB6F4D7eE3a0b8f5cd81eED8d347f5693aD,0x1c1eb010b9373292310766b60298a31d12775937,1001,vebao-0x1c1eb010b9373292310766b60298a31d12775937
erc20,0xDA187eB6F4D7eE3a0b8f5cd81eED8d347f5693aD,0xf0a9e090416fcbc8c9403ce6bc674239df0a535e,999,vebao-0xf0a9e090416fcbc8c9403ce6bc674239df0a535e
erc20,0xDA187eB6F4D7eE3a0b8f5cd81eED8d347f5693aD,0xe12a0d81032365be592c5b27bf50a482815ea6b8,998,vebao-0xe12a0d81032365be592c5b27bf50a482815ea6b8
erc20,0xDA187eB6F4D7eE3a0b8f5cd81eED8d347f5693aD,0xec5cbf8cccd693bbb49469d0e44d73098b9117b5,967,vebao-0xec5cbf8cccd693bbb49469d0e44d73098b9117b5
erc20,0xDA187eB6F4D7eE3a0b8f5cd81eED8d347f5693aD,0xfa7c324cb1d3b0128feaa246c93417829bc23809,960,vebao-0xfa7c324cb1d3b0128feaa246c93417829bc23809
erc20,0xDA187eB6F4D7eE3a0b8f5cd81eED8d347f5693aD,0x8000effeebca512a229840ccb94919c0bc564baa,940,vebao-0x8000effeebca512a229840ccb94919c0bc564baa
erc20,0xDA187eB6F4D7eE3a0b8f5cd81eED8d347f5693aD,0x1a8a14475dc45c442b2a35c12440b8acc9e6984a,938,vebao-0x1a8a14475dc45c442b2a35c12440b8acc9e6984a
erc20,0xDA187eB6F4D7eE3a0b8f5cd81eED8d347f5693aD,0x945294c67752bd0a453975c04e3078c487a858df,936,vebao-0x945294c67752bd0a453975c04e3078c487a858df
erc20,0xDA187eB6F4D7eE3a0b8f5cd81eED8d347f5693aD,0x73c371f85246797e4f7f68f7f46b9261eba2f853,936,vebao-0x73c371f85246797e4f7f68f7f46b9261eba2f853
erc20,0xDA187eB6F4D7eE3a0b8f5cd81eED8d347f5693aD,0x5cd6c2cb10ef57cad5225e322d3f818dd351b83e,928,vebao-0x5cd6c2cb10ef57cad5225e322d3f818dd351b83e
erc20,0xDA187eB6F4D7eE3a0b8f5cd81eED8d347f5693aD,0xd79df18dae47442e040ce0d6cafbf1f549ecd8c9,923,vebao-0xd79df18dae47442e040ce0d6cafbf1f549ecd8c9
erc20,0xDA187eB6F4D7eE3a0b8f5cd81eED8d347f5693aD,0x9399fea0d4f946c6f4ec758f5c0adb30c88daccd,918,vebao-0x9399fea0d4f946c6f4ec758f5c0adb30c88daccd
erc20,0xDA187eB6F4D7eE3a0b8f5cd81eED8d347f5693aD,0x0587245b40558ecc197b7811cdff1e0d573cfc09,918,vebao-0x0587245b40558ecc197b7811cdff1e0d573cfc09
erc20,0xDA187eB6F4D7eE3a0b8f5cd81eED8d347f5693aD,0x4808fbf736dddab843453ecc6fa241c4b34b0a60,907,vebao-0x4808fbf736dddab843453ecc6fa241c4b34b0a60
erc20,0xDA187eB6F4D7eE3a0b8f5cd81eED8d347f5693aD,0xe4bd4c67aeaab0d3033526d546519d94e8718732,903,vebao-0xe4bd4c67aeaab0d3033526d546519d94e8718732
erc20,0xDA187eB6F4D7eE3a0b8f5cd81eED8d347f5693aD,0xa3ea85d99da994ff514240eedf579983b0a5a123,901,vebao-0xa3ea85d99da994ff514240eedf579983b0a5a123
erc20,0xDA187eB6F4D7eE3a0b8f5cd81eED8d347f5693aD,0x5d2e6e6efc52bd1c6a1a393800fe514f2f78fcaa,894,vebao-0x5d2e6e6efc52bd1c6a1a393800fe514f2f78fcaa
erc20,0xDA187eB6F4D7eE3a0b8f5cd81eED8d347f5693aD,0x313d2a2e869acb93207b90dda03f412eb65db2d9,894,vebao-0x313d2a2e869acb93207b90dda03f412eb65db2d9
erc20,0xDA187eB6F4D7eE3a0b8f5cd81eED8d347f5693aD,0xf9c384addd43f83e614b692953c82fa9db5d7e03,885,vebao-0xf9c384addd43f83e614b692953c82fa9db5d7e03
erc20,0xDA187eB6F4D7eE3a0b8f5cd81eED8d347f5693aD,0x3fc6c5707f34f93a7e1bd283dd6120e5ce2e2ef8,879,vebao-0x3fc6c5707f34f93a7e1bd283dd6120e5ce2e2ef8
erc20,0xDA187eB6F4D7eE3a0b8f5cd81eED8d347f5693aD,0xf3760da2a7c2451644b6b2ef7d1865da2b958ce3,870,vebao-0xf3760da2a7c2451644b6b2ef7d1865da2b958ce3
erc20,0xDA187eB6F4D7eE3a0b8f5cd81eED8d347f5693aD,0x5da80aba9290dc32ce1476ee5d3f322021dd95e3,870,vebao-0x5da80aba9290dc32ce1476ee5d3f322021dd95e3
erc20,0xDA187eB6F4D7eE3a0b8f5cd81eED8d347f5693aD,0x2966fa8e1c6870c208b09841c5718d5f3c0dda35,859,vebao-0x2966fa8e1c6870c208b09841c5718d5f3c0dda35
erc20,0xDA187eB6F4D7eE3a0b8f5cd81eED8d347f5693aD,0x417cc7df83f1908faf656a8e03c163d24dc95663,846,vebao-0x417cc7df83f1908faf656a8e03c163d24dc95663
erc20,0xDA187eB6F4D7eE3a0b8f5cd81eED8d347f5693aD,0x6e43acafb4e86babe42feb2f3e527c3cdb309756,843,vebao-0x6e43acafb4e86babe42feb2f3e527c3cdb309756
erc20,0xDA187eB6F4D7eE3a0b8f5cd81eED8d347f5693aD,0xd1e4da30cad582837f91153d4d842b74581008e5,837,vebao-0xd1e4da30cad582837f91153d4d842b74581008e5
erc20,0xDA187eB6F4D7eE3a0b8f5cd81eED8d347f5693aD,0x4cee3f1d9272dc03b34111ecf70bac2d4c4f9733,835,vebao-0x4cee3f1d9272dc03b34111ecf70bac2d4c4f9733
erc20,0xDA187eB6F4D7eE3a0b8f5cd81eED8d347f5693aD,0xb28ce2eb17d846184b06cc5cde0bd00c596b6c92,825,vebao-0xb28ce2eb17d846184b06cc5cde0bd00c596b6c92
erc20,0xDA187eB6F4D7eE3a0b8f5cd81eED8d347f5693aD,0x528d4e4e0dbf071ec23013f06d8487bad5a8a68b,816,vebao-0x528d4e4e0dbf071ec23013f06d8487bad5a8a68b
erc20,0xDA187eB6F4D7eE3a0b8f5cd81eED8d347f5693aD,0xec2a9a192929ed1f280f7fd8935b881e3a649dc0,807,vebao-0xec2a9a192929ed1f280f7fd8935b881e3a649dc0
erc20,0xDA187eB6F4D7eE3a0b8f5cd81eED8d347f5693aD,0x8501fc1d5444f6be4f3e0215a1b3ad8752701054,807,vebao-0x8501fc1d5444f6be4f3e0215a1b3ad8752701054
erc20,0xDA187eB6F4D7eE3a0b8f5cd81eED8d347f5693aD,0x1754352eacb753327fec2d4f48f0fb36b672c5e0,796,vebao-0x1754352eacb753327fec2d4f48f0fb36b672c5e0
erc20,0xDA187eB6F4D7eE3a0b8f5cd81eED8d347f5693aD,0x3061afdb4a53f4f807b23a22a38a5bd2ac679469,769,vebao-0x3061afdb4a53f4f807b23a22a38a5bd2ac679469
erc20,0xDA187eB6F4D7eE3a0b8f5cd81eED8d347f5693aD,0xdccc5094404422cd48cd7afa95b618fe0cd3d0fe,757,vebao-0xdccc5094404422cd48cd7afa95b618fe0cd3d0fe
erc20,0xDA187eB6F4D7eE3a0b8f5cd81eED8d347f5693aD,0x670647441d9c24d981923c9293a2e4eae6d0c8b3,752,vebao-0x670647441d9c24d981923c9293a2e4eae6d0c8b3
erc20,0xDA187eB6F4D7eE3a0b8f5cd81eED8d347f5693aD,0x02207e9d8a5d6ebfb7a9af66bb63fabed75064eb,751,vebao-0x02207e9d8a5d6ebfb7a9af66bb63fabed75064eb
erc20,0xDA187eB6F4D7eE3a0b8f5cd81eED8d347f5693aD,0xb4e385afba84411e87611dbe8d6a1de4a49c61cf,748,vebao-0xb4e385afba84411e87611dbe8d6a1de4a49c61cf
erc20,0xDA187eB6F4D7eE3a0b8f5cd81eED8d347f5693aD,0x11c3e607ef698c88cf3b08cd50be1cdff3a77c47,737,vebao-0x11c3e607ef698c88cf3b08cd50be1cdff3a77c47
erc20,0xDA187eB6F4D7eE3a0b8f5cd81eED8d347f5693aD,0x6a9966a0781f921379de7bf453935dc3f5f6bba5,732,vebao-0x6a9966a0781f921379de7bf453935dc3f5f6bba5
erc20,0xDA187eB6F4D7eE3a0b8f5cd81eED8d347f5693aD,0xf2470d6dc3c80586e08a5b6c230c337cdb7fdb2d,730,vebao-0xf2470d6dc3c80586e08a5b6c230c337cdb7fdb2d
erc20,0xDA187eB6F4D7eE3a0b8f5cd81eED8d347f5693aD,0x6066029c545b1e9364998474c4fbb3e19a57ae60,724,vebao-0x6066029c545b1e9364998474c4fbb3e19a57ae60
erc20,0xDA187eB6F4D7eE3a0b8f5cd81eED8d347f5693aD,0x0176b01b36082c7a2996ff60cc3a0eee2d05faa2,718,vebao-0x0176b01b36082c7a2996ff60cc3a0eee2d05faa2
erc20,0xDA187eB6F4D7eE3a0b8f5cd81eED8d347f5693aD,0xa1c83e4f6975646e6a7bfe486a1193e2fe736655,716,vebao-0xa1c83e4f6975646e6a7bfe486a1193e2fe736655
erc20,0xDA187eB6F4D7eE3a0b8f5cd81eED8d347f5693aD,0x340f5aed1de987216cb61d2a9106b8e61a517ed4,699,vebao-0x340f5aed1de987216cb61d2a9106b8e61a517ed4
erc20,0xDA187eB6F4D7eE3a0b8f5cd81eED8d347f5693aD,0x698bb6299824a053a9fa1e677d48ca44daa0a0c8,697,vebao-0x698bb6299824a053a9fa1e677d48ca44daa0a0c8
erc20,0xDA187eB6F4D7eE3a0b8f5cd81eED8d347f5693aD,0x5b1c5d0da8409cd37f89bf1a2dc0ca81844c4d88,690,vebao-0x5b1c5d0da8409cd37f89bf1a2dc0ca81844c4d88
erc20,0xDA187eB6F4D7eE3a0b8f5cd81eED8d347f5693aD,0xa4bd82608192eddf2a587215085786d1630085e8,686,vebao-0xa4bd82608192eddf2a587215085786d1630085e8
erc20,0xDA187eB6F4D7eE3a0b8f5cd81eED8d347f5693aD,0x3e6ec61642832efc53ea621b49a9e623f1957e3d,683,vebao-0x3e6ec61642832efc53ea621b49a9e623f1957e3d
erc20,0xDA187eB6F4D7eE3a0b8f5cd81eED8d347f5693aD,0x3ac753ed33239486188c384ca792ea90f2fafaa1,671,vebao-0x3ac753ed33239486188c384ca792ea90f2fafaa1
erc20,0xDA187eB6F4D7eE3a0b8f5cd81eED8d347f5693aD,0xeae03eb54eb26b38057544895e834af42fc46a69,670,vebao-0xeae03eb54eb26b38057544895e834af42fc46a69
erc20,0xDA187eB6F4D7eE3a0b8f5cd81eED8d347f5693aD,0x2abe7fa481fd463c6b89a4c7891c369db04a0a5f,667,vebao-0x2abe7fa481fd463c6b89a4c7891c369db04a0a5f
erc20,0xDA187eB6F4D7eE3a0b8f5cd81eED8d347f5693aD,0x7e13e9fd1474fb2ee7957e013d9085e1614f2acd,653,vebao-0x7e13e9fd1474fb2ee7957e013d9085e1614f2acd
erc20,0xDA187eB6F4D7eE3a0b8f5cd81eED8d347f5693aD,0x4fba1425c65f42f8c3178d6c4738efa55de814d5,647,vebao-0x4fba1425c65f42f8c3178d6c4738efa55de814d5
erc20,0xDA187eB6F4D7eE3a0b8f5cd81eED8d347f5693aD,0x2a0059610c92842dc2ef84af76b244c28687e647,647,vebao-0x2a0059610c92842dc2ef84af76b244c28687e647
erc20,0xDA187eB6F4D7eE3a0b8f5cd81eED8d347f5693aD,0xc3609b632037f2ef0cae0055da822cb4b7de630b,645,vebao-0xc3609b632037f2ef0cae0055da822cb4b7de630b
erc20,0xDA187eB6F4D7eE3a0b8f5cd81eED8d347f5693aD,0xba3a6b9c43e74de388550e9bcc73a81a01d48cf7,642,vebao-0xba3a6b9c43e74de388550e9bcc73a81a01d48cf7
erc20,0xDA187eB6F4D7eE3a0b8f5cd81eED8d347f5693aD,0x7caba1f18115bba36580bc2a8d7c39c890568559,622,vebao-0x7caba1f18115bba36580bc2a8d7c39c890568559
erc20,0xDA187eB6F4D7eE3a0b8f5cd81eED8d347f5693aD,0x4b8d0ca918eeb9e53c18799ac53cbfa516295e78,617,vebao-0x4b8d0ca918eeb9e53c18799ac53cbfa516295e78
erc20,0xDA187eB6F4D7eE3a0b8f5cd81eED8d347f5693aD,0x58141b458a5fb87e2bd99f6273028843fc1e1d2a,614,vebao-0x58141b458a5fb87e2bd99f6273028843fc1e1d2a
erc20,0xDA187eB6F4D7eE3a0b8f5cd81eED8d347f5693aD,0x020644884eb72f3ad04fdfcfcf9a0ce545fabfb5,608,vebao-0x020644884eb72f3ad04fdfcfcf9a0ce545fabfb5
erc20,0xDA187eB6F4D7eE3a0b8f5cd81eED8d347f5693aD,0xbf75d94aa06f15dfea0e7462882378271b4daf03,601,vebao-0xbf75d94aa06f15dfea0e7462882378271b4daf03
erc20,0xDA187eB6F4D7eE3a0b8f5cd81eED8d347f5693aD,0x0c4f86ac564feba8f18f4024daa3fd82373b51c5,598,vebao-0x0c4f86ac564feba8f18f4024daa3fd82373b51c5
erc20,0xDA187eB6F4D7eE3a0b8f5cd81eED8d347f5693aD,0xc63593c3d409c1d90f9c675bb73a654021a791d5,595,vebao-0xc63593c3d409c1d90f9c675bb73a654021a791d5
erc20,0xDA187eB6F4D7eE3a0b8f5cd81eED8d347f5693aD,0xd455712e43582134f101a0c686d26548b5438a3b,587,vebao-0xd455712e43582134f101a0c686d26548b5438a3b
erc20,0xDA187eB6F4D7eE3a0b8f5cd81eED8d347f5693aD,0xbee77c56245319a26c3ca47cca471b5e28134823,580,vebao-0xbee77c56245319a26c3ca47cca471b5e28134823
erc20,0xDA187eB6F4D7eE3a0b8f5cd81eED8d347f5693aD,0xce5417e602ee2295fdc5825d8294ed14ce672cc6,572,vebao-0xce5417e602ee2295fdc5825d8294ed14ce672cc6
erc20,0xDA187eB6F4D7eE3a0b8f5cd81eED8d347f5693aD,0x91c5fa6872f3a93b999843eaf06eb34a18a69a12,569,vebao-0x91c5fa6872f3a93b999843eaf06eb34a18a69a12
erc20,0xDA187eB6F4D7eE3a0b8f5cd81eED8d347f5693aD,0x9fd8313cfcd184ea1eb70bf2bac8f9bfb07e6e37,567,vebao-0x9fd8313cfcd184ea1eb70bf2bac8f9bfb07e6e37
erc20,0xDA187eB6F4D7eE3a0b8f5cd81eED8d347f5693aD,0x287de5f9ebb426f2e7e87cef3500f806267456fc,565,vebao-0x287de5f9ebb426f2e7e87cef3500f806267456fc
erc20,0xDA187eB6F4D7eE3a0b8f5cd81eED8d347f5693aD,0xc6b0f7e747c23f65e1f99617b379fe69b56cee32,561,vebao-0xc6b0f7e747c23f65e1f99617b379fe69b56cee32
erc20,0xDA187eB6F4D7eE3a0b8f5cd81eED8d347f5693aD,0xe84b0443b8341d9c215a150ff208c0ce5d2d9a74,559,vebao-0xe84b0443b8341d9c215a150ff208c0ce5d2d9a74
erc20,0xDA187eB6F4D7eE3a0b8f5cd81eED8d347f5693aD,0x29af246dbb138cceade723b0142e9cb785ba36cb,558,vebao-0x29af246dbb138cceade723b0142e9cb785ba36cb
erc20,0xDA187eB6F4D7eE3a0b8f5cd81eED8d347f5693aD,0xa0a9dca57ac0994fc08ec7dde6a73fd1cb36bffe,553,vebao-0xa0a9dca57ac0994fc08ec7dde6a73fd1cb36bffe
erc20,0xDA187eB6F4D7eE3a0b8f5cd81eED8d347f5693aD,0xf788501a58795c6a2255f8d52203fe3f0f7e74b7,551,vebao-0xf788501a58795c6a2255f8d52203fe3f0f7e74b7
erc20,0xDA187eB6F4D7eE3a0b8f5cd81eED8d347f5693aD,0x1e33fb58b4ddb1c39d941eaa534e85bdcc1a9feb,546,vebao-0x1e33fb58b4ddb1c39d941eaa534e85bdcc1a9feb
erc20,0xDA187eB6F4D7eE3a0b8f5cd81eED8d347f5693aD,0x3c42f05cfc0395472d5d1b81f45f4c84298b093a,543,vebao-0x3c42f05cfc0395472d5d1b81f45f4c84298b093a
erc20,0xDA187eB6F4D7eE3a0b8f5cd81eED8d347f5693aD,0x45b78bc14cf5e0ab1dc33d6731e65784f955545b,540,vebao-0x45b78bc14cf5e0ab1dc33d6731e65784f955545b
erc20,0xDA187eB6F4D7eE3a0b8f5cd81eED8d347f5693aD,0x5734dd7659a9a25973e630cb36f8a7a91dcb89c2,538,vebao-0x5734dd7659a9a25973e630cb36f8a7a91dcb89c2
erc20,0xDA187eB6F4D7eE3a0b8f5cd81eED8d347f5693aD,0x389eba6e4aa2208d3cb2642215c057f8a9445c66,529,vebao-0x389eba6e4aa2208d3cb2642215c057f8a9445c66
erc20,0xDA187eB6F4D7eE3a0b8f5cd81eED8d347f5693aD,0xf3dd72ac3c9833574491861793e8ffe1f07c8905,527,vebao-0xf3dd72ac3c9833574491861793e8ffe1f07c8905
erc20,0xDA187eB6F4D7eE3a0b8f5cd81eED8d347f5693aD,0x02ba2c2f13c82e62b2fa59deb33e59c2b1990e41,525,vebao-0x02ba2c2f13c82e62b2fa59deb33e59c2b1990e41
erc20,0xDA187eB6F4D7eE3a0b8f5cd81eED8d347f5693aD,0xbd9e9a2b22435ec1859caa23e605e1844bd1d464,513,vebao-0xbd9e9a2b22435ec1859caa23e605e1844bd1d464
erc20,0xDA187eB6F4D7eE3a0b8f5cd81eED8d347f5693aD,0x4e229f3b46183906778f763b585a1758525b52c8,512,vebao-0x4e229f3b46183906778f763b585a1758525b52c8
erc20,0xDA187eB6F4D7eE3a0b8f5cd81eED8d347f5693aD,0xea335732b225b3c17797bb82fabb6101c0e9cc1d,502,vebao-0xea335732b225b3c17797bb82fabb6101c0e9cc1d
erc20,0xDA187eB6F4D7eE3a0b8f5cd81eED8d347f5693aD,0x6a3790c297bb034ba4455365675fa8c1ad53eedf,489,vebao-0x6a3790c297bb034ba4455365675fa8c1ad53eedf
erc20,0xDA187eB6F4D7eE3a0b8f5cd81eED8d347f5693aD,0x60bf15d01b8e63c62f80861995384184cde3209b,489,vebao-0x60bf15d01b8e63c62f80861995384184cde3209b
erc20,0xDA187eB6F4D7eE3a0b8f5cd81eED8d347f5693aD,0x16d631ce5dd4328bb52e3aa92e571aaf45c4ed36,473,vebao-0x16d631ce5dd4328bb52e3aa92e571aaf45c4ed36
erc20,0xDA187eB6F4D7eE3a0b8f5cd81eED8d347f5693aD,0x2537e26521a15775510157fedc250b986d57685e,463,vebao-0x2537e26521a15775510157fedc250b986d57685e
erc20,0xDA187eB6F4D7eE3a0b8f5cd81eED8d347f5693aD,0xdf72ec6d7c5b013703038b4f1aeea9507e5ae7ca,459,vebao-0xdf72ec6d7c5b013703038b4f1aeea9507e5ae7ca
erc20,0xDA187eB6F4D7eE3a0b8f5cd81eED8d347f5693aD,0xeccbacefbdde4973a9589ee3b5a8149e525016a3,458,vebao-0xeccbacefbdde4973a9589ee3b5a8149e525016a3
erc20,0xDA187eB6F4D7eE3a0b8f5cd81eED8d347f5693aD,0xc8e31d15c42476efdd45550d0e3dc84bf958d130,451,vebao-0xc8e31d15c42476efdd45550d0e3dc84bf958d130
erc20,0xDA187eB6F4D7eE3a0b8f5cd81eED8d347f5693aD,0x3f9f89bbcc6302f2076c06fcdd18e4c824fbf941,448,vebao-0x3f9f89bbcc6302f2076c06fcdd18e4c824fbf941
erc20,0xDA187eB6F4D7eE3a0b8f5cd81eED8d347f5693aD,0x8a506e114dc4fd1d09878336a12bc45749a56174,437,vebao-0x8a506e114dc4fd1d09878336a12bc45749a56174
erc20,0xDA187eB6F4D7eE3a0b8f5cd81eED8d347f5693aD,0x49077dcbaf71bf628e1b22f01377cb992b4913bb,435,vebao-0x49077dcbaf71bf628e1b22f01377cb992b4913bb
erc20,0xDA187eB6F4D7eE3a0b8f5cd81eED8d347f5693aD,0x8d97ab42cdc04b0a8f0c08dd6baeaf93ad2ade9e,431,vebao-0x8d97ab42cdc04b0a8f0c08dd6baeaf93ad2ade9e
erc20,0xDA187eB6F4D7eE3a0b8f5cd81eED8d347f5693aD,0x35e637737def6ecb77fae0f808c074323a23cac3,431,vebao-0x35e637737def6ecb77fae0f808c074323a23cac3
erc20,0xDA187eB6F4D7eE3a0b8f5cd81eED8d347f5693aD,0x31527da430049c4952a76f02e2bdeb71639dfe6b,431,vebao-0x31527da430049c4952a76f02e2bdeb71639dfe6b
erc20,0xDA187eB6F4D7eE3a0b8f5cd81eED8d347f5693aD,0xca2aca4b3be5ba55769a2f92d74269e0f7bcff66,430,vebao-0xca2aca4b3be5ba55769a2f92d74269e0f7bcff66
erc20,0xDA187eB6F4D7eE3a0b8f5cd81eED8d347f5693aD,0x4856ac879473c8e8d232bc67d8f093e382dd7eaf,428,vebao-0x4856ac879473c8e8d232bc67d8f093e382dd7eaf
erc20,0xDA187eB6F4D7eE3a0b8f5cd81eED8d347f5693aD,0xfeccf367c398b2d7bcd0c2f540bf6675b04b2550,427,vebao-0xfeccf367c398b2d7bcd0c2f540bf6675b04b2550
erc20,0xDA187eB6F4D7eE3a0b8f5cd81eED8d347f5693aD,0x54ec0f31378c8fef5abd9ff0be137f5a1fe765ae,427,vebao-0x54ec0f31378c8fef5abd9ff0be137f5a1fe765ae
erc20,0xDA187eB6F4D7eE3a0b8f5cd81eED8d347f5693aD,0xc604c34b07586f9ba6bc29ef2a1b52ca9f9980ac,422,vebao-0xc604c34b07586f9ba6bc29ef2a1b52ca9f9980ac
erc20,0xDA187eB6F4D7eE3a0b8f5cd81eED8d347f5693aD,0xdd323f5530caf04ea480ee2d445523ed6a4e42b6,421,vebao-0xdd323f5530caf04ea480ee2d445523ed6a4e42b6
erc20,0xDA187eB6F4D7eE3a0b8f5cd81eED8d347f5693aD,0x1f13a5dc44911ebd98ea1b55ab5b7b2a99acca14,415,vebao-0x1f13a5dc44911ebd98ea1b55ab5b7b2a99acca14
erc20,0xDA187eB6F4D7eE3a0b8f5cd81eED8d347f5693aD,0x81498b961434b208406b6a2d53eb669003a049e4,414,vebao-0x81498b961434b208406b6a2d53eb669003a049e4
erc20,0xDA187eB6F4D7eE3a0b8f5cd81eED8d347f5693aD,0x06f64376f6333cdc7582bf657b8627663400e100,410,vebao-0x06f64376f6333cdc7582bf657b8627663400e100
erc20,0xDA187eB6F4D7eE3a0b8f5cd81eED8d347f5693aD,0xdfcf2be109b27c083cc83c30578e20c0d49c13b8,409,vebao-0xdfcf2be109b27c083cc83c30578e20c0d49c13b8
erc20,0xDA187eB6F4D7eE3a0b8f5cd81eED8d347f5693aD,0x6c6ce9a5fc90a27c2ee6b4fce7e56dc78e5eba40,406,vebao-0x6c6ce9a5fc90a27c2ee6b4fce7e56dc78e5eba40
erc20,0xDA187eB6F4D7eE3a0b8f5cd81eED8d347f5693aD,0x52876dafdc67238390477bb2403bdc8021944ddc,399,vebao-0x52876dafdc67238390477bb2403bdc8021944ddc
erc20,0xDA187eB6F4D7eE3a0b8f5cd81eED8d347f5693aD,0xac3c2f091edea973f666173b3ebd242a80fe411c,398,vebao-0xac3c2f091edea973f666173b3ebd242a80fe411c
erc20,0xDA187eB6F4D7eE3a0b8f5cd81eED8d347f5693aD,0xa5a93b9c6a4ccb035c92c1c5ac4a96d64db52a26,396,vebao-0xa5a93b9c6a4ccb035c92c1c5ac4a96d64db52a26
erc20,0xDA187eB6F4D7eE3a0b8f5cd81eED8d347f5693aD,0x5874e1f7063f5df556d7a9fe021f2d2018775cdb,395,vebao-0x5874e1f7063f5df556d7a9fe021f2d2018775cdb
erc20,0xDA187eB6F4D7eE3a0b8f5cd81eED8d347f5693aD,0x6c8e4d6f376336871821dbe369bfe444fdd1fc99,393,vebao-0x6c8e4d6f376336871821dbe369bfe444fdd1fc99
erc20,0xDA187eB6F4D7eE3a0b8f5cd81eED8d347f5693aD,0x88b23fd716a5ccdf3d7d320ea2050641c4f5c2e6,392,vebao-0x88b23fd716a5ccdf3d7d320ea2050641c4f5c2e6
erc20,0xDA187eB6F4D7eE3a0b8f5cd81eED8d347f5693aD,0x7f8006461c8cf0fd709ef47cc0e399d461d7d946,386,vebao-0x7f8006461c8cf0fd709ef47cc0e399d461d7d946
erc20,0xDA187eB6F4D7eE3a0b8f5cd81eED8d347f5693aD,0x9800595ec85a2f5a8d114250e60a8d255851d41d,384,vebao-0x9800595ec85a2f5a8d114250e60a8d255851d41d
erc20,0xDA187eB6F4D7eE3a0b8f5cd81eED8d347f5693aD,0x20718bcd0e16d2caff38f87b157fd1b0d92cc488,374,vebao-0x20718bcd0e16d2caff38f87b157fd1b0d92cc488
erc20,0xDA187eB6F4D7eE3a0b8f5cd81eED8d347f5693aD,0x769c4ae585f3b63142319eb3e7a87c1d5894279f,371,vebao-0x769c4ae585f3b63142319eb3e7a87c1d5894279f
erc20,0xDA187eB6F4D7eE3a0b8f5cd81eED8d347f5693aD,0x8535a411b599c24fd4ea226c2af291edf6b6e75b,368,vebao-0x8535a411b599c24fd4ea226c2af291edf6b6e75b
erc20,0xDA187eB6F4D7eE3a0b8f5cd81eED8d347f5693aD,0xacd2bc74fb46c3cf7604a0c964eacd91ad2ffb55,359,vebao-0xacd2bc74fb46c3cf7604a0c964eacd91ad2ffb55
erc20,0xDA187eB6F4D7eE3a0b8f5cd81eED8d347f5693aD,0xd04db2cb3b3923bdf210b3cdc9bee966554695df,358,vebao-0xd04db2cb3b3923bdf210b3cdc9bee966554695df
erc20,0xDA187eB6F4D7eE3a0b8f5cd81eED8d347f5693aD,0xb0b91143de6bbb74057d120db7bd7b939a4bae5c,358,vebao-0xb0b91143de6bbb74057d120db7bd7b939a4bae5c
erc20,0xDA187eB6F4D7eE3a0b8f5cd81eED8d347f5693aD,0x714d1e0e2d844261f1fa99bb9e591749a80cc116,358,vebao-0x714d1e0e2d844261f1fa99bb9e591749a80cc116
erc20,0xDA187eB6F4D7eE3a0b8f5cd81eED8d347f5693aD,0x0ec3d42948ea911bb3feed05a866fdee23632067,357,vebao-0x0ec3d42948ea911bb3feed05a866fdee23632067
erc20,0xDA187eB6F4D7eE3a0b8f5cd81eED8d347f5693aD,0x037dfd569defbc08ae28001159b4c49f6d006cff,352,vebao-0x037dfd569defbc08ae28001159b4c49f6d006cff
erc20,0xDA187eB6F4D7eE3a0b8f5cd81eED8d347f5693aD,0xc1c560f37ccdea19a2da80e8ea656ac724ef49f1,343,vebao-0xc1c560f37ccdea19a2da80e8ea656ac724ef49f1
erc20,0xDA187eB6F4D7eE3a0b8f5cd81eED8d347f5693aD,0xdeb84307a5f7482525306e227316917e85d6c724,341,vebao-0xdeb84307a5f7482525306e227316917e85d6c724
erc20,0xDA187eB6F4D7eE3a0b8f5cd81eED8d347f5693aD,0x8064eebd2d1ccd4290924665efc17c8f2da5bfc4,336,vebao-0x8064eebd2d1ccd4290924665efc17c8f2da5bfc4
erc20,0xDA187eB6F4D7eE3a0b8f5cd81eED8d347f5693aD,0x9e6a6b070b87c2111a5b232a5cde86d5104942db,335,vebao-0x9e6a6b070b87c2111a5b232a5cde86d5104942db
